Time,Action,Indoor_Temperature,Ambient_Temperature,Solar_Radiation,Set_Heat_Temperature,Set_Cool_Temperature,Cop,Heat_Pump_Power,Emission_circuit_pump_electrical_power,Electrical_power_heat_pump_evaporator_fan,Occupants,Occupancy_Gain,reaQHeaPumEva_y,Q_Heat_Pump,reaQHeaPumCon_y,Energy cost,Thermal discomfort
108.04166666666667,0.0,22.796569458411795,10.699999999999989,0.0,21.0,24.0,1.0,0.0,0.0,0.0,5,219,0.0,0.0,-4.6995127069446485e-12,0.0,0.0
108.08333333333333,0.0,22.572813132451074,10.0,0.0,21.0,24.0,1.0,0.0,0.0,0.0,5,219,0.0,0.0,-4.6995127069446485e-12,0.0,0.0
108.125,0.0,22.334331773521512,9.399999999999977,0.0,21.0,24.0,1.0,0.0,0.0,0.0,5,219,0.0,0.0,-4.6995127069446485e-12,0.0,0.0
108.16666666666667,0.0,22.094864555825836,8.600000000000023,0.0,21.0,24.0,1.0,0.0,0.0,0.0,5,219,0.0,0.0,-4.6995127069446485e-12,0.0,0.0
108.20833333333333,0.0,21.84149172407467,7.5,0.0,21.0,24.0,1.0,0.0,0.0,0.0,5,219,0.0,0.0,-4.6995127069446485e-12,0.0,0.0
108.25,0.0,21.579437808938565,6.699999999999989,0.3189655172413792,21.0,24.0,1.0,0.0,0.0,0.0,5,219,0.0,0.0,-4.6995127069446485e-12,0.0,0.0
108.29166666666667,0.0,21.37974389433657,7.0,9.193534482758617,15.0,30.0,1.0,0.0,0.0,0.0,5,219,0.0,0.0,-4.6995127069446485e-12,0.0,0.0
108.33333333333333,0.0,21.166983071061964,6.800000000000011,98.06682692307695,15.0,30.0,1.0,0.0,0.0,0.0,0,0,0.0,0.0,-4.6995127069446485e-12,0.0,0.0
108.375,0.0,21.295978594385133,8.800000000000011,241.35817307692307,15.0,30.0,1.0,0.0,0.0,0.0,0,0,0.0,0.0,-4.6995127069446485e-12,0.0,0.0
108.41666666666667,0.0,21.80262953722996,11.899999999999977,380.0625,15.0,30.0,1.0,0.0,0.0,0.0,0,0,0.0,0.0,-4.6995127069446485e-12,0.0,0.0
108.45833333333333,0.0,22.501362462609336,15.100000000000023,501.7652671755725,15.0,30.0,1.0,0.0,0.0,0.0,0,0,0.0,0.0,-4.6995127069446485e-12,0.0,0.0
108.5,0.0,23.263281977883082,15.899999999999977,605.7209965606912,15.0,30.0,1.0,0.0,0.0,0.0,0,0,0.0,0.0,-4.6995127069446485e-12,0.0,0.0
108.54166666666667,0.0,23.99958650085364,16.80000000000001,629.9088975540589,15.0,30.0,1.0,0.0,0.0,0.0,0,0,0.0,0.0,-4.6995127069446485e-12,0.0,0.0
108.58333333333333,0.0,24.38099720674495,17.30000000000001,553.6190874143406,15.0,30.0,1.0,0.0,0.0,0.0,0,0,0.0,0.0,-4.6995127069446485e-12,0.0,0.0
108.625,0.0,24.56039729573456,18.69999999999999,436.9092206830919,15.0,30.0,1.0,0.0,0.0,0.0,0,0,0.0,0.0,-4.6995127069446485e-12,0.0,0.0
108.66666666666667,0.0,24.578243173379065,19.0,374.66427895661576,15.0,30.0,1.0,0.0,0.0,0.0,0,0,0.0,0.0,-4.6995127069446485e-12,0.0,0.0
108.70833333333333,0.0,24.57716507919156,18.80000000000001,329.5333454056291,15.0,30.0,1.0,0.0,0.0,0.0,0,0,0.0,0.0,-4.6995127069446485e-12,0.0,0.0
108.75,0.0,24.437193906579523,19.0,218.10390625000002,15.0,30.0,1.0,0.0,0.0,0.0,0,0,0.0,0.0,-4.6995127069446485e-12,0.0,0.0
108.79166666666667,0.0,24.21967767062597,18.5,110.32857142857144,15.0,30.0,1.0,0.0,0.0,0.0,0,0,0.0,0.0,-4.6995127069446485e-12,0.0,0.0
108.83333333333333,0.0,23.960578219006493,17.5,28.557539682539684,21.0,24.0,1.0,0.0,0.0,0.0,5,219,0.0,0.0,-4.6995127069446485e-12,0.0,0.0
108.875,0.0,23.70827402410191,14.699999999999989,1.8888888888888893,21.0,24.0,1.0,0.0,0.0,0.0,5,219,0.0,0.0,-4.6995127069446485e-12,0.0,0.0
108.91666666666667,0.0,23.40996284671826,12.699999999999989,0.0,21.0,24.0,1.0,0.0,0.0,0.0,5,219,0.0,0.0,-4.6995127069446485e-12,0.0,0.0
108.95833333333333,0.0,23.115190043893847,10.800000000000011,0.0,21.0,24.0,1.0,0.0,0.0,0.0,5,219,0.0,0.0,-4.6995127069446485e-12,0.0,0.0
109.0,0.0,22.86051577445005,10.399999999999977,0.0,21.0,24.0,1.0,0.0,0.0,0.0,5,219,0.0,0.0,-4.6995127069446485e-12,0.0,0.0
109.04166666666667,0.0,22.595848600134786,8.899999999999977,0.0,21.0,24.0,1.0,0.0,0.0,0.0,5,219,0.0,0.0,-4.6995127069446485e-12,0.0,0.0
109.08333333333333,0.0,22.367234703245458,8.899999999999977,0.0,21.0,24.0,1.0,0.0,0.0,0.0,5,219,0.0,0.0,-4.6995127069446485e-12,0.0,0.0
109.125,0.0,22.21204468330268,9.800000000000011,0.0,21.0,24.0,1.0,0.0,0.0,0.0,5,219,0.0,0.0,-4.6995127069446485e-12,0.0,0.0
109.16666666666667,0.0,22.074884663037324,10.199999999999989,0.0,21.0,24.0,1.0,0.0,0.0,0.0,5,219,0.0,0.0,-4.6995127069446485e-12,0.0,0.0
109.20833333333333,0.0,21.856610549246057,8.600000000000023,0.0,21.0,24.0,1.0,0.0,0.0,0.0,5,219,0.0,0.0,-4.6995127069446485e-12,0.0,0.0
109.25,0.0,21.61476942347565,7.5,0.32621951219512185,21.0,24.0,1.0,0.0,0.0,0.0,5,219,0.0,0.0,-4.6995127069446485e-12,0.0,0.0
109.29166666666667,0.0,21.395517871983998,7.0,6.523139462163853,21.0,24.0,1.0,0.0,0.0,0.0,5,219,0.0,0.0,-4.6995127069446485e-12,0.0,0.0
109.33333333333333,0.0,21.273151460356587,7.899999999999977,40.35780885780886,21.0,24.0,1.0,0.0,0.0,0.0,5,219,0.0,0.0,-4.6995127069446485e-12,0.0,0.0
109.375,0.0,21.2304427097705,8.300000000000011,136.90033216783218,21.0,24.0,1.0,0.0,0.0,0.0,5,219,0.0,0.0,-4.6995127069446485e-12,0.0,0.0
109.41666666666667,0.0,21.30072982121669,8.699999999999989,202.88225409836065,21.0,24.0,1.0,0.0,0.0,0.0,5,219,0.0,0.0,-4.6995127069446485e-12,0.0,0.0
109.45833333333333,0.0,21.319844733335003,8.5,237.81628038439797,21.0,24.0,1.0,0.0,0.0,0.0,5,219,0.0,0.0,-4.6995127069446485e-12,0.0,0.0
109.5,0.0,21.38086635887089,8.5,283.4775021026072,21.0,24.0,1.0,0.0,0.0,0.0,5,219,0.0,0.0,-4.6995127069446485e-12,0.0,0.0
109.54166666666667,0.0,21.511826733654175,9.600000000000023,309.1829268292683,21.0,24.0,1.0,0.0,0.0,0.0,5,219,0.0,0.0,-4.6995127069446485e-12,0.0,0.0
109.58333333333333,0.0,21.574042979793717,9.300000000000011,313.3170731707317,21.0,24.0,1.0,0.0,0.0,0.0,5,219,0.0,0.0,-4.6995127069446485e-12,0.0,0.0
109.625,0.0,21.5586945991937,8.600000000000023,294.52818216463413,21.0,24.0,1.0,0.0,0.0,0.0,5,219,0.0,0.0,-4.6995127069446485e-12,0.0,0.0
109.66666666666667,0.0,21.530788390132045,8.800000000000011,256.2103099385246,21.0,24.0,1.0,0.0,0.0,0.0,5,219,0.0,0.0,-4.6995127069446485e-12,0.0,0.0
109.70833333333333,0.0,21.506822247251307,9.300000000000011,286.72085105831087,21.0,24.0,1.0,0.0,0.0,0.0,5,219,0.0,0.0,-4.6995127069446485e-12,0.0,0.0
109.75,0.0,21.474191480168315,9.399999999999977,258.9029535864979,21.0,24.0,1.0,0.0,0.0,0.0,5,219,0.0,0.0,-4.6995127069446485e-12,0.0,0.0
109.79166666666667,0.0,21.315779298832865,9.5,132.26822916666669,21.0,24.0,1.0,0.0,0.0,0.0,5,219,0.0,0.0,-4.6995127069446485e-12,0.0,0.0
109.83333333333333,0.05704816080614557,21.13404339978308,9.0,31.736880896226417,21.0,24.0,1.6304750437628057,1216.0584439120319,20.498644281163177,510.20408163265313,5,219,-766.6945005582584,1943.187138995644,1982.7529445555997,0.000989883805250761,0.0
109.875,0.16554690678193199,21.01208051197682,7.600000000000023,1.8490566037735858,21.0,24.0,2.4167666194333286,1439.3820463216111,20.498644281163177,510.20408163265313,5,219,-2039.2684358388103,3288.438001000011,3478.6504821617073,0.0032638112416508067,0.0
109.91666666666667,0.24511625981443025,20.97516396090265,6.399999999999977,0.0,21.0,24.0,2.7508728349725984,1599.0343165884467,20.498644281163177,510.20408163265313,5,219,-2799.705747168798,4220.61795602305,4398.740063692132,0.005870506341495244,0.013772644766147124
109.95833333333333,0.29750240685767587,20.987621464111044,5.199999999999989,0.0,21.0,24.0,2.8656888677160435,1699.7326718850247,20.498644281163177,510.20408163265313,5,219,-3171.1723240093947,4729.732784341071,4870.904995914162,0.008629615756956368,0.035478784528841345
110.0,0.3255871734396304,21.02765616265242,4.300000000000011,0.0,21.0,24.0,2.882961735585348,1751.7183099928088,20.498644281163177,510.20408163265313,5,219,-3298.418549154619,4950.3057041931015,5050.136859233501,0.01146917040596411,0.037612736551108604
110.04166666666667,0.3551187590883372,21.050266499458644,3.3000000000000114,0.0,21.0,24.0,2.8887241868005478,1803.4632878152229,20.498644281163177,510.20408163265313,5,219,-3406.244731745555,5131.3419099095345,5209.708019518672,0.014316097708640415,0.037612736551108604
110.08333333333333,0.3684744748038949,21.08718244867714,3.1000000000000227,0.0,21.0,24.0,2.897935509557585,1831.646584788792,20.498644281163177,510.20408163265313,5,219,-3476.347094211506,5254.908965655287,5307.993679019319,0.017180569476116805,0.037612736551108604
110.125,0.3721680609076086,21.12381880877024,2.8999999999999773,0.0,21.0,24.0,2.883934163541206,1839.3863181755569,20.498644281163177,510.20408163265313,5,219,-3465.282724713424,5277.242902589281,5304.669042936763,0.020013863795608114,0.037612736551108604
110.16666666666667,0.37773729481516133,21.143009930362496,2.3999999999999773,0.0,21.0,24.0,2.8581832598905796,1846.018885326631,20.498644281163177,510.20408163265313,5,219,-3430.241390163317,5262.074960342052,5276.260275482445,0.022818848278113483,0.037612736551108604
110.20833333333333,0.3914866654015044,21.145062252875505,2.1000000000000227,0.0,21.0,24.0,2.8656882401455066,1871.1844012204444,20.498644281163177,510.20408163265313,5,219,-3491.046732473606,5348.406690396783,5362.231133721139,0.025658663410058232,0.037612736551108604
110.25,0.4061443146742617,21.14620426855265,2.1000000000000227,0.34210526315789475,21.0,24.0,2.8936312253555876,1902.287781976539,20.498644281163177,510.20408163265313,5,219,-3602.231543562589,5491.5043216046615,5504.519325539735,0.02853680599139716,0.037612736551108604
110.29166666666667,0.3957530934981674,21.180852966873772,2.3000000000000114,7.815789473684212,21.0,24.0,2.8787574065882677,1885.2542062057398,20.498644281163177,510.20408163265313,5,219,-3541.935303153687,5436.5527882739725,5427.189509416459,0.03148254063319991,0.037612736551108604
110.33333333333333,0.33331392687497363,21.276217388999555,3.0,70.72636452241716,21.0,24.0,2.7625483702078197,1767.286616571149,20.498644281163177,510.20408163265313,5,219,-3114.9281457836905,4959.218862811985,4882.2147622987195,0.03433974747747672,0.037612736551108604
110.375,0.1362562633821681,21.52194942140676,3.8999999999999773,241.90387633396108,21.0,24.0,2.0131891479245057,1371.0252120359432,20.498644281163177,510.20408163265313,5,219,-1389.1078663146573,3035.359045511493,2760.1330784016554,0.036935693699289424,0.037612736551108604
110.41666666666667,0.0,21.926345710646274,5.600000000000023,427.2118644067797,21.0,24.0,1.0,0.0,0.0,0.0,5,219,0.0,0.0,-1.7744294112561625e-12,0.037767619743407366,0.037612736551108604
110.45833333333333,0.0,22.46664671060978,7.100000000000023,584.0714285714286,21.0,24.0,1.0,0.0,0.0,0.0,5,219,0.0,0.0,-1.7744294112561625e-12,0.037767619743407366,0.037612736551108604
110.5,0.0,23.140746174394394,8.899999999999977,688.6672077922078,21.0,24.0,1.0,0.0,0.0,0.0,5,219,0.0,0.0,-1.7744294112561625e-12,0.037767619743407366,0.037612736551108604
110.54166666666667,0.0,23.79384486986646,10.100000000000023,758.4826751117735,21.0,24.0,1.0,0.0,0.0,0.0,5,219,0.0,0.0,-1.7744294112561625e-12,0.037767619743407366,0.037612736551108604
110.58333333333333,0.0,24.32995822101634,11.199999999999989,738.9453551912568,21.0,24.0,1.0,0.0,0.0,0.0,5,219,0.0,0.0,-1.7744294112561625e-12,0.037767619743407366,0.1513841310467806
110.625,0.0,24.59744527535122,12.100000000000023,679.5364583333334,21.0,24.0,1.0,0.0,0.0,0.0,5,219,0.0,0.0,-1.7744294112561625e-12,0.037767619743407366,0.6315919485530462
110.66666666666667,0.0,24.65976585088788,12.899999999999977,592.859375,21.0,24.0,1.0,0.0,0.0,0.0,5,219,0.0,0.0,-1.7744294112561625e-12,0.037767619743407366,1.280486062121321
110.70833333333333,0.0,24.498072393360303,13.699999999999989,476.491847826087,21.0,24.0,1.0,0.0,0.0,0.0,5,219,0.0,0.0,-1.7744294112561625e-12,0.037767619743407366,1.873718306838047
110.75,0.0,24.212302978943114,14.0,329.0027387880863,21.0,24.0,1.0,0.0,0.0,0.0,5,219,0.0,0.0,-1.7744294112561625e-12,0.037767619743407366,2.2356409090303515
110.79166666666667,0.0,23.915327158403784,13.699999999999989,161.86174455465795,21.0,24.0,1.0,0.0,0.0,0.0,5,219,0.0,0.0,-1.7744294112561625e-12,0.037767619743407366,2.3113437661073357
110.83333333333333,0.0,23.60108690970509,13.100000000000023,30.53446553446554,21.0,24.0,1.0,0.0,0.0,0.0,5,219,0.0,0.0,-1.7744294112561625e-12,0.037767619743407366,2.3113437661073357
110.875,0.0,23.28490332012285,11.899999999999977,2.5467032967032974,21.0,24.0,1.0,0.0,0.0,0.0,5,219,0.0,0.0,-1.7744294112561625e-12,0.037767619743407366,2.3113437661073357
110.91666666666667,0.0,22.96494755801905,10.300000000000011,0.0,21.0,24.0,1.0,0.0,0.0,0.0,5,219,0.0,0.0,-1.7744294112561625e-12,0.037767619743407366,2.3113437661073357
110.95833333333333,0.0,22.66725574624536,9.199999999999989,0.0,21.0,24.0,1.0,0.0,0.0,0.0,5,219,0.0,0.0,-1.7744294112561625e-12,0.037767619743407366,2.3113437661073357
111.0,0.0,22.388467336096028,8.300000000000011,0.0,21.0,24.0,1.0,0.0,0.0,0.0,5,219,0.0,0.0,-1.7744294112561625e-12,0.037767619743407366,2.3113437661073357
111.04166666666667,0.0,22.13988553060699,8.0,0.0,21.0,24.0,1.0,0.0,0.0,0.0,5,219,0.0,0.0,-1.7744294112561625e-12,0.037767619743407366,2.3113437661073357
111.08333333333333,0.0,21.922064560844035,8.0,0.0,21.0,24.0,1.0,0.0,0.0,0.0,5,219,0.0,0.0,-1.7744294112561625e-12,0.037767619743407366,2.3113437661073357
111.125,0.0,21.71032938813869,7.699999999999989,0.0,21.0,24.0,1.0,0.0,0.0,0.0,5,219,0.0,0.0,-1.7744294112561625e-12,0.037767619743407366,2.3113437661073357
111.16666666666667,0.0,21.481128134620178,7.0,0.0,21.0,24.0,1.0,0.0,0.0,0.0,5,219,0.0,0.0,-1.7744294112561625e-12,0.037767619743407366,2.3113437661073357
111.20833333333333,0.005992922752277944,21.24136414676616,6.300000000000011,0.0,21.0,24.0,1.0,0.0,0.0,0.0,5,219,0.0,0.0,-1.7744294112561625e-12,0.037767619743407366,2.3113437661073357
111.25,0.093725501918574,21.109779097567184,5.5,0.6033333333333332,21.0,24.0,1.8467059024341195,1281.1432955468758,20.498644281163177,510.20408163265313,5,219,-1084.7515901539598,2268.1975310166736,2365.894885750315,0.03956204611102415,2.3113437661073357
111.29166666666667,0.0,21.051150864569706,5.399999999999977,11.104113475177305,15.0,30.0,1.0,0.0,0.0,0.0,5,219,0.0,0.0,-3.651812064803638e-12,0.04164681115788728,2.3113437661073357
111.33333333333333,0.0,20.941537524952423,6.300000000000011,107.25139465490398,15.0,30.0,1.0,0.0,0.0,0.0,0,0,0.0,0.0,-3.651812064803638e-12,0.04164681115788728,2.3113437661073357
111.375,0.0,20.986848539256982,7.5,225.00636472215237,15.0,30.0,1.0,0.0,0.0,0.0,0,0,0.0,0.0,-3.651812064803638e-12,0.04164681115788728,2.3113437661073357
111.41666666666667,0.0,21.167634307595677,8.100000000000023,347.347293814433,15.0,30.0,1.0,0.0,0.0,0.0,0,0,0.0,0.0,-3.651812064803638e-12,0.04164681115788728,2.3113437661073357
111.45833333333333,0.0,21.578305210775966,10.0,431.3597972972973,15.0,30.0,1.0,0.0,0.0,0.0,0,0,0.0,0.0,-3.651812064803638e-12,0.04164681115788728,2.3113437661073357
111.5,0.0,21.915605130221593,11.800000000000011,469.6108277027027,15.0,30.0,1.0,0.0,0.0,0.0,0,0,0.0,0.0,-3.651812064803638e-12,0.04164681115788728,2.3113437661073357
111.54166666666667,0.0,22.270219432097008,13.0,412.38675916988416,15.0,30.0,1.0,0.0,0.0,0.0,0,0,0.0,0.0,-3.651812064803638e-12,0.04164681115788728,2.3113437661073357
111.58333333333333,0.0,22.223529215166877,13.800000000000011,312.5827199967825,15.0,30.0,1.0,0.0,0.0,0.0,0,0,0.0,0.0,-3.651812064803638e-12,0.04164681115788728,2.3113437661073357
111.625,0.0,22.27181176375143,15.0,295.6045386904762,15.0,30.0,1.0,0.0,0.0,0.0,0,0,0.0,0.0,-3.651812064803638e-12,0.04164681115788728,2.3113437661073357
111.66666666666667,0.0,22.30912256741857,15.600000000000023,258.2758358662614,15.0,30.0,1.0,0.0,0.0,0.0,0,0,0.0,0.0,-3.651812064803638e-12,0.04164681115788728,2.3113437661073357
111.70833333333333,0.0,22.26070458915393,15.699999999999989,202.46077127659575,15.0,30.0,1.0,0.0,0.0,0.0,0,0,0.0,0.0,-3.651812064803638e-12,0.04164681115788728,2.3113437661073357
111.75,0.0,22.152174534384358,15.5,153.60248655913978,15.0,30.0,1.0,0.0,0.0,0.0,0,0,0.0,0.0,-3.651812064803638e-12,0.04164681115788728,2.3113437661073357
111.79166666666667,0.0,22.01011016764801,15.0,87.61955291454441,15.0,30.0,1.0,0.0,0.0,0.0,0,0,0.0,0.0,-3.651812064803638e-12,0.04164681115788728,2.3113437661073357
111.83333333333333,0.0,21.788666989340413,14.0,14.901601830663612,21.0,24.0,1.0,0.0,0.0,0.0,5,219,0.0,0.0,-3.651812064803638e-12,0.04164681115788728,2.3113437661073357
111.875,0.0,21.582602963462705,11.699999999999989,1.2826086956521738,21.0,24.0,1.0,0.0,0.0,0.0,5,219,0.0,0.0,-3.651812064803638e-12,0.04164681115788728,2.3113437661073357
111.91666666666667,0.0,21.344646810178688,10.5,0.0,21.0,24.0,1.0,0.0,0.0,0.0,5,219,0.0,0.0,-3.651812064803638e-12,0.04164681115788728,2.3113437661073357
111.95833333333333,0.07141772083907001,21.14922367865222,9.199999999999989,0.0,21.0,24.0,1.773239489880035,1247.1310846106085,20.498644281163177,510.20408163265313,5,219,-964.3310036140673,2079.011055337285,2211.46208828845,0.04281043114038011,2.3113437661073357
112.0,0.15699458960366794,21.053374465412162,7.699999999999989,0.0,21.0,24.0,2.367423426035482,1422.3234755357803,20.498644281163177,510.20408163265313,5,219,-1944.9184399104827,3196.339176988543,3367.2419153836113,0.0448400391928644,2.3113437661073357
112.04166666666667,0.2180211167532722,21.026251559004322,6.5,0.0,21.0,24.0,2.6310644598658857,1543.551466550553,20.498644281163177,510.20408163265313,5,219,-2517.631939139042,3911.226155577598,4061.1834056150265,0.047086143394145664,2.3113437661073357
112.08333333333333,0.2531731260440875,21.04281538631699,5.5,0.0,21.0,24.0,2.716691377617071,1610.6776957155676,20.498644281163177,510.20408163265313,5,219,-2765.036512353781,4262.62067992804,4375.714208070614,0.04939812937257023,2.3113437661073357
112.125,0.2796657413972062,21.06446609664806,4.600000000000023,0.0,21.0,24.0,2.7527404432003753,1659.3285503319808,20.498644281163177,510.20408163265313,5,219,-2908.372258787138,4482.631321522082,4567.700809055893,0.05174294191324191,2.3113437661073357
112.16666666666667,0.2934027623312422,21.096386623475553,4.100000000000023,0.0,21.0,24.0,2.7585206086471756,1684.9675729604755,20.498644281163177,510.20408163265313,5,219,-2963.050201903267,4593.803927171798,4648.017774913686,0.054122427770183286,2.3113437661073357
112.20833333333333,0.2830058879977871,21.14845152850387,4.100000000000023,0.0,21.0,24.0,2.7135655407228154,1665.9579237204955,20.498644281163177,510.20408163265313,5,219,-2854.7280903371966,4503.202993115615,4520.686014102065,0.056517199011946004,2.3113437661073357
112.25,0.2881270290877858,21.15909470672193,3.6999999999999886,0.4899999999999999,21.0,24.0,2.7029060876305824,1673.4138894793996,20.498644281163177,510.20408163265313,5,219,-2849.6666995186847,4508.829066462504,4523.08058899944,0.05901229880620981,2.3113437661073357
112.29166666666667,0.0,21.136172868589483,3.1999999999999886,11.86,15.0,30.0,1.0,0.0,0.0,0.0,5,219,0.0,0.0,-5.038652799198387e-12,0.06167933065940094,2.3113437661073357
112.33333333333333,0.0,20.88733831105276,3.6000000000000227,55.9735294117647,15.0,30.0,1.0,0.0,0.0,0.0,0,0,0.0,0.0,-5.038652799198387e-12,0.06167933065940094,2.3113437661073357
112.375,0.0278797569006002,20.650602951549843,3.8999999999999773,86.77221526908636,15.0,30.0,1.2640013253446694,1149.0646488977854,20.498644281163177,510.20408163265313,0,0,-303.3545901939303,1780.0562350288994,1452.419239113508,0.06232010170783698,2.3113437661073357
112.41666666666667,0.05135631346751469,20.566426920835056,4.5,113.1410974244121,15.0,30.0,1.4788153582962116,1195.4063208911703,20.498644281163177,510.20408163265313,0,0,-572.378905761031,1828.4344909053323,1767.785226738232,0.0645049057379135,2.3113437661073357
112.45833333333333,0.01716366213434031,20.591021312089424,6.0,149.3479036574487,15.0,30.0,1.1819557687739337,1129.3124421515151,20.498644281163177,510.20408163265313,0,0,-205.48491353939397,1441.4795550921635,1334.7973557491625,0.0665170590109286,2.3113437661073357
112.5,0.0,20.58082953176904,7.0,175.68675961363223,15.0,30.0,1.0,0.0,0.0,0.0,0,0,0.0,0.0,-1.780485484332122e-12,0.06698663826193099,2.3113437661073357
112.54166666666667,0.04094578212711262,20.49660268394399,6.100000000000023,248.65384184587813,15.0,30.0,1.4195620192381402,1176.6258686697481,20.498644281163177,510.20408163265313,0,0,-493.6675254294877,1653.8371935338328,1670.2933940166583,0.06844635437534521,2.3113437661073357
112.58333333333333,0.0,20.672414748740493,7.800000000000011,347.3894486961451,15.0,30.0,1.0,0.0,0.0,0.0,0,0,0.0,0.0,-1.7835135208701018e-12,0.06923529693425048,2.3113437661073357
112.625,0.0,20.781561059410933,8.5,382.15657279671643,15.0,30.0,1.0,0.0,0.0,0.0,0,0,0.0,0.0,-1.7835135208701018e-12,0.06923529693425048,2.3113437661073357
112.66666666666667,0.0,20.850005508652146,9.300000000000011,312.6772799335648,15.0,30.0,1.0,0.0,0.0,0.0,0,0,0.0,0.0,-1.7835135208701018e-12,0.06923529693425048,2.3113437661073357
112.70833333333333,0.0,20.703068503256077,9.0,236.73244891232696,15.0,30.0,1.0,0.0,0.0,0.0,0,0,0.0,0.0,-1.7835135208701018e-12,0.06923529693425048,2.3113437661073357
112.75,0.0,20.560125306480813,8.899999999999977,206.2049680127949,15.0,30.0,1.0,0.0,0.0,0.0,0,0,0.0,0.0,-1.7835135208701018e-12,0.06923529693425048,2.3113437661073357
112.79166666666667,0.07269653027570022,20.415706526580266,8.800000000000011,131.51194578986588,15.0,30.0,1.77973674903172,1247.3681130016803,20.498644281163177,510.20408163265313,0,0,-972.6187573556482,2083.6367439133455,2219.9868702794415,0.07076862643197897,2.3113437661073357
112.83333333333333,0.6042893797987159,20.293987142278297,7.5,50.18323863636364,21.0,24.0,4.1722313470241215,2341.5873863461065,20.498644281163177,510.20408163265313,5,219,-7428.056908767284,3527.085371041508,9769.644295109509,0.07316640560829006,2.314285486347843
112.875,0.6656233773301572,20.55024461708649,6.699999999999989,0.0,21.0,24.0,3.733856610637765,2513.448976325962,20.498644281163177,510.20408163265313,5,219,-6871.40909940349,8937.320985735623,9384.858075755417,0.07697630345877285,2.910909677774427
112.91666666666667,0.5697920095527297,20.918113072589904,5.800000000000011,0.0,21.0,24.0,3.4598654828545694,2311.379998383143,20.498644281163177,510.20408163265313,5,219,-5685.683875774114,7849.859530488828,7997.063874166288,0.08074279275723072,3.1734683011296694
112.95833333333333,0.45581659570665617,21.17170376008596,5.0,0.0,21.0,24.0,3.1785693500533823,2058.037076597401,20.498644281163177,510.20408163265313,5,219,-4483.5764962771655,6547.303856137094,6541.613572945965,0.08415678692783078,3.1839541540201486
113.0,0.3874181415561166,21.2711000164457,4.199999999999989,0.0,21.0,24.0,2.968800289898169,1900.627623689356,20.498644281163177,510.20408163265313,5,219,-3741.9562164766685,5699.27320550149,5642.583840197428,0.0871811390634773,3.1839541540201486
113.04166666666667,0.3656682597928992,21.272280994353082,3.3999999999999773,0.0,21.0,24.0,2.8656796491911445,1842.927419615119,20.498644281163177,510.20408163265313,5,219,-3438.3121817513174,5336.906048445392,5281.239601327396,0.0900432413408571,3.1839541540201486
113.08333333333333,0.3937583754110384,21.20605132823647,2.1999999999999886,0.0,21.0,24.0,2.858508038510995,1883.4277970698624,20.498644281163177,510.20408163265313,5,219,-3500.365700823334,5406.473611061437,5383.793497879256,0.09287512261197944,3.1839541540201486
113.125,0.4537352894574619,21.12230005519524,1.0,0.0,21.0,24.0,2.899194983232779,1987.3876239197084,20.498644281163177,510.20408163265313,5,219,-3774.436605123425,5749.77514227661,5761.824229006931,0.09577619095631841,3.1839541540201486
113.16666666666667,0.5095796462763456,21.0772063460729,0.6999999999999886,0.0,21.0,24.0,2.9657762927097804,2096.1602078476867,20.498644281163177,510.20408163265313,5,219,-4120.582042294653,6181.65845300078,6216.742250156275,0.09874027444447142,3.1839541540201486
113.20833333333333,0.5258456480513125,21.102068659020006,1.0,0.0,21.0,24.0,3.0038497201763623,2137.3343321106195,20.498644281163177,510.20408163265313,5,219,-4282.896803384434,6398.141719988652,6420.231135433816,0.10185492106110058,3.1839541540201486
113.25,0.5535206340713101,21.097812426663268,-0.30000000000001137,0.9107142857142856,21.0,24.0,2.940013435232233,2172.468940159213,20.498644281163177,510.20408163265313,5,219,-4214.618931475377,6377.880572340906,6387.087871692816,0.10503005073963952,3.1839541540201486
113.29166666666667,0.1743147663380429,21.081339689121535,-1.0,16.973779385171788,15.0,30.0,1.8870309993814425,1431.476072912519,20.498644281163177,510.20408163265313,5,219,-1269.7636516151838,6556.127689278715,2701.2397244587332,0.10838630327738887,3.1839541540201486
113.33333333333333,0.1090000172026413,20.960937891831065,-0.10000000000002274,122.70989408421597,15.0,30.0,1.7189687447462725,1300.4408428853988,20.498644281163177,510.20408163265313,0,0,-934.976320355802,2549.3015452530453,2235.4171633114984,0.11079533784469676,3.1839541540201486
113.375,0.0,21.03568892149508,2.3000000000000114,286.24771750805587,15.0,30.0,1.0,0.0,0.0,0.0,0,0,0.0,0.0,-1.768373338180203e-12,0.11228408274449561,3.1839541540201486
113.41666666666667,0.0,21.283280253203316,4.100000000000023,452.3654419066534,15.0,30.0,1.0,0.0,0.0,0.0,0,0,0.0,0.0,-1.768373338180203e-12,0.11228408274449561,3.1839541540201486
113.45833333333333,0.0,21.75512951090701,5.399999999999977,600.3862028301887,15.0,30.0,1.0,0.0,0.0,0.0,0,0,0.0,0.0,-1.768373338180203e-12,0.11228408274449561,3.1839541540201486
113.5,0.0,22.3796563805613,6.100000000000023,715.9735576923077,15.0,30.0,1.0,0.0,0.0,0.0,0,0,0.0,0.0,-1.768373338180203e-12,0.11228408274449561,3.1839541540201486
113.54166666666667,0.0,23.011278212268166,7.199999999999989,748.9250107434465,15.0,30.0,1.0,0.0,0.0,0.0,0,0,0.0,0.0,-1.768373338180203e-12,0.11228408274449561,3.1839541540201486
113.58333333333333,0.0,23.42551662859114,8.0,756.7319462701282,15.0,30.0,1.0,0.0,0.0,0.0,0,0,0.0,0.0,-1.768373338180203e-12,0.11228408274449561,3.1839541540201486
113.625,0.0,23.76155621698649,9.0,740.6197352941176,15.0,30.0,1.0,0.0,0.0,0.0,0,0,0.0,0.0,-1.768373338180203e-12,0.11228408274449561,3.1839541540201486
113.66666666666667,0.0,23.842347418824374,9.5,640.3796842105263,15.0,30.0,1.0,0.0,0.0,0.0,0,0,0.0,0.0,-1.768373338180203e-12,0.11228408274449561,3.1839541540201486
113.70833333333333,0.0,23.659357375941454,10.100000000000023,505.98943054357204,15.0,30.0,1.0,0.0,0.0,0.0,0,0,0.0,0.0,-1.768373338180203e-12,0.11228408274449561,3.1839541540201486
113.75,0.0,23.334131123992847,10.100000000000023,335.6846125186289,15.0,30.0,1.0,0.0,0.0,0.0,0,0,0.0,0.0,-1.768373338180203e-12,0.11228408274449561,3.1839541540201486
113.79166666666667,0.0,22.9865811991408,9.899999999999977,160.50988142292488,15.0,30.0,1.0,0.0,0.0,0.0,0,0,0.0,0.0,-1.768373338180203e-12,0.11228408274449561,3.1839541540201486
113.83333333333333,0.0,22.592357126515708,9.0,33.772946859903385,21.0,24.0,1.0,0.0,0.0,0.0,5,219,0.0,0.0,-1.768373338180203e-12,0.11228408274449561,3.1839541540201486
113.875,0.0,22.264436207327208,7.199999999999989,2.8194444444444438,21.0,24.0,1.0,0.0,0.0,0.0,5,219,0.0,0.0,-1.768373338180203e-12,0.11228408274449561,3.1839541540201486
113.91666666666667,0.0,21.90190361727258,5.600000000000023,0.0,21.0,24.0,1.0,0.0,0.0,0.0,5,219,0.0,0.0,-1.768373338180203e-12,0.11228408274449561,3.1839541540201486
113.95833333333333,0.0,21.562950211641123,4.399999999999977,0.0,21.0,24.0,1.0,0.0,0.0,0.0,5,219,0.0,0.0,-1.768373338180203e-12,0.11228408274449561,3.1839541540201486
114.0,0.006134676130944841,21.269158900645493,4.300000000000011,0.0,21.0,24.0,1.0,0.0,0.0,0.0,5,219,0.0,0.0,-1.768373338180203e-12,0.11228408274449561,3.1839541540201486
114.04166666666667,0.1504754512445848,21.049612116664775,2.8000000000000114,0.0,21.0,24.0,2.1095649689922373,1380.4134703446307,20.498644281163177,510.20408163265313,5,219,-1531.6584293618919,2766.2476017732497,2912.071899764038,0.11437261628529898,3.1839541540201486
114.08333333333333,0.2599079911246231,20.96034280032785,2.5,0.0,21.0,24.0,2.5854742660794368,1591.424713700112,20.498644281163177,510.20408163265313,5,219,-2523.1629300181858,3944.222026640717,4114.587643674475,0.11677420840607126,3.199290373429892
114.125,0.30099389777052404,20.99535283087431,2.8000000000000114,0.0,21.0,24.0,2.729344002811192,1679.5041696502822,20.498644281163177,510.20408163265313,5,219,-2904.440463505591,4459.575802397407,4583.944633131388,0.11947876550209728,3.2292616280812667
114.16666666666667,0.3123437413006554,21.05436809926664,3.0,0.0,21.0,24.0,2.761841544153374,1708.5575842754179,20.498644281163177,510.20408163265313,5,219,-3010.207732552702,4631.644242512015,4718.765316830179,0.1219527620035665,3.2294186545521963
114.20833333333333,0.32398172275126175,21.091436719014325,2.8000000000000114,0.0,21.0,24.0,2.7720428899960683,1733.0114743358804,20.498644281163177,510.20408163265313,5,219,-3070.970661414232,4742.864356270554,4803.982135714381,0.1244533785851404,3.2294186545521963
114.25,0.3123951543368561,21.147960375618936,3.1999999999999886,1.2592592592592589,21.0,24.0,2.7512670979660765,1716.913048134083,20.498644281163177,510.20408163265313,5,219,-3006.7733312106398,4701.384652056239,4723.686379399949,0.12703191625046167,3.2294186545521963
114.29166666666667,0.0,21.190663369135393,3.3000000000000114,13.49074074074074,15.0,30.0,1.0,0.0,0.0,0.0,5,219,0.0,0.0,-4.844858460767679e-12,0.12968579589595294,3.2294186545521963
114.33333333333333,0.0,20.9991672428863,4.399999999999977,72.44594594594594,15.0,30.0,1.0,0.0,0.0,0.0,0,0,0.0,0.0,-4.844858460767679e-12,0.12968579589595294,3.2294186545521963
114.375,0.0,20.814852407537842,5.0,140.41139101057578,15.0,30.0,1.0,0.0,0.0,0.0,0,0,0.0,0.0,-4.844858460767679e-12,0.12968579589595294,3.2294186545521963
114.41666666666667,0.0,20.700573759079475,6.399999999999977,143.77981582125602,15.0,30.0,1.0,0.0,0.0,0.0,0,0,0.0,0.0,-4.844858460767679e-12,0.12968579589595294,3.2294186545521963
114.45833333333333,0.001673957324768152,20.584540307899715,7.100000000000023,151.59201388888889,15.0,30.0,1.0,0.0,0.0,0.0,0,0,0.0,0.0,-4.844858460767679e-12,0.12968579589595294,3.2294186545521963
114.5,0.0,20.57475524476331,7.5,180.015625,15.0,30.0,1.0,0.0,0.0,0.0,0,0,0.0,0.0,-1.7835135208701018e-12,0.1302118166614133,3.2294186545521963
114.54166666666667,0.03719515054750978,20.484178011125664,6.5,195.5722537878788,15.0,30.0,1.3921722782066783,1169.3840045099928,20.498644281163177,510.20408163265313,0,0,-458.59998917273157,1574.6149231823983,1627.9839936571252,0.131198873135286,3.2294186545521963
114.58333333333333,0.02584682957886382,20.50864567496029,7.100000000000023,196.71963932806324,15.0,30.0,1.2842618964318548,1147.4111863507476,20.498644281163177,510.20408163265313,0,0,-326.16527977396316,1484.9729723608752,1473.5764661699354,0.1332587899656848,3.2294186545521963
114.625,0.03686972899446276,20.48964212290457,6.199999999999989,228.6259116184196,15.0,30.0,1.3827874798459128,1168.558926619383,20.498644281163177,510.20408163265313,0,0,-447.30972652733755,1609.2607249324378,1615.8686531914616,0.13528489166174118,3.2294186545521963
114.66666666666667,0.0,20.62793097631686,7.0,397.59277994305774,15.0,30.0,1.0,0.0,0.0,0.0,0,0,0.0,0.0,-1.780485484332122e-12,0.13629458228584942,3.2294186545521963
114.70833333333333,0.0,20.741299618634457,7.300000000000011,407.2327188940092,15.0,30.0,1.0,0.0,0.0,0.0,0,0,0.0,0.0,-1.780485484332122e-12,0.13629458228584942,3.2294186545521963
114.75,0.0,20.539679644510443,6.699999999999989,273.0516774891775,15.0,30.0,1.0,0.0,0.0,0.0,0,0,0.0,0.0,-1.780485484332122e-12,0.13629458228584942,3.2294186545521963
114.79166666666667,0.12526163716287614,20.34748725466568,6.100000000000023,137.87987012987014,15.0,30.0,2.105236444517491,1344.6618910314332,20.498644281163177,510.20408163265313,0,0,-1486.1693275297037,2647.377181215513,2830.8312185531804,0.13821723545756567,3.2294186545521963
114.83333333333333,0.6711222675666748,20.234733000647225,5.5,23.988893728222997,21.0,24.0,4.0668924761073795,2435.4821387427955,20.498644281163177,510.20408163265313,5,219,-7469.361847036214,4168.39194006037,9904.843985746984,0.14081007339155818,3.232607267049499
114.875,0.7510062183857529,20.485429619700938,4.300000000000011,2.3414634146341475,21.0,24.0,3.6197335073085495,2638.7514632966427,20.498644281163177,510.20408163265313,5,219,-6912.825625922005,9117.570142955241,9551.577089154323,0.14482714974663913,3.885577901049496
114.91666666666667,0.69559734390494,20.822121181073385,3.3000000000000114,0.0,21.0,24.0,3.4064389080437913,2528.8446462696697,20.498644281163177,510.20408163265313,5,219,-6085.510149231737,8430.262102734863,8614.354795451241,0.1488863052897983,4.228566470539441
114.95833333333333,0.6082498355587533,21.075935168134208,2.1999999999999886,0.0,21.0,24.0,3.192445819610979,2334.216376465132,20.498644281163177,510.20408163265313,5,219,-5117.642936685251,7415.557107292324,7451.859313113597,0.1526225772878245,4.283241957511224
115.0,0.551553852584039,21.195470560926765,1.5,0.0,21.0,24.0,3.0556091151035,2206.4036068452006,20.498644281163177,510.20408163265313,5,219,-4535.503365798379,6756.455926406396,6741.906972673434,0.1561014548282814,4.283241957511224
115.04166666666667,0.5009958960778595,21.26534395387955,1.6999999999999886,0.0,21.0,24.0,2.993016531654774,2106.2371566224674,20.498644281163177,510.20408163265313,5,219,-4197.7654727594445,6347.591886419429,6304.00262935659,0.15941924691258988,4.283241957511224
115.08333333333333,0.4441612879899222,21.317868567873802,2.1000000000000227,0.0,21.0,24.0,2.9253939268529496,1994.326653779003,20.498644281163177,510.20408163265313,5,219,-3839.864427431795,5905.662014080441,5834.19108112606,0.162578219244015,4.283241957511224
115.125,0.4545217019915271,21.25553874774448,0.5,0.0,21.0,24.0,2.8405895958486815,1988.760667929116,20.498644281163177,510.20408163265313,5,219,-3660.4921940566423,5697.829013491096,5649.252861952521,0.16561203106988154,4.283241957511224
115.16666666666667,0.4971426624963732,21.178415615283257,0.5,0.0,21.0,24.0,2.9158030526453778,2073.208773546418,20.498644281163177,510.20408163265313,5,219,-3971.8596971296574,6049.787471599711,6045.068470677825,0.16869098637654695,4.283241957511224
115.20833333333333,0.5222374468809711,21.153357986951505,0.39999999999997726,0.0,21.0,24.0,2.944900249876134,2122.798313771456,20.498644281163177,510.20408163265313,5,219,-4128.630970897108,6252.504530125437,6251.429284662197,0.17184454194672164,4.283241957511224
115.25,0.5478926786938979,21.135362916860686,-0.10000000000002274,1.2210526315789472,21.0,24.0,2.940960228042888,2166.7412599932723,20.498644281163177,510.20408163265313,5,219,-4205.558610048222,6371.150543730238,6372.299870099749,0.17510262767315132,4.283241957511224
115.29166666666667,0.15027791449263841,21.12997705707801,-0.5,18.115614035087713,15.0,30.0,1.8108468722976099,1387.5351885873426,20.498644281163177,510.20408163265313,5,219,-1125.0785679305588,6476.4179650312435,2512.6137564562637,0.17854277091471982,4.283241957511224
115.33333333333333,0.05405357590571778,21.034512900014818,0.6000000000000227,132.6563888888889,15.0,30.0,1.4053245688134517,1197.7468523442562,20.498644281163177,510.20408163265313,0,0,-485.4762265239076,2053.694889733694,1683.2230788183608,0.18094755215536007,4.283241957511224
115.375,0.0,21.0914428134152,3.0,275.03656872190106,15.0,30.0,1.0,0.0,0.0,0.0,0,0,0.0,0.0,-1.768373338180203e-12,0.18165082536463376,4.283241957511224
115.41666666666667,0.0,21.211787297216347,4.300000000000011,321.59311327910444,15.0,30.0,1.0,0.0,0.0,0.0,0,0,0.0,0.0,-1.768373338180203e-12,0.18165082536463376,4.283241957511224
115.45833333333333,0.0,21.25511178842578,5.300000000000011,437.6253967717971,15.0,30.0,1.0,0.0,0.0,0.0,0,0,0.0,0.0,-1.768373338180203e-12,0.18165082536463376,4.283241957511224
115.5,0.0,21.727469880167064,4.0,620.9742041883882,15.0,30.0,1.0,0.0,0.0,0.0,0,0,0.0,0.0,-1.768373338180203e-12,0.18165082536463376,4.283241957511224
115.54166666666667,0.0,22.000048712760588,6.100000000000023,453.33287992985555,15.0,30.0,1.0,0.0,0.0,0.0,0,0,0.0,0.0,-1.768373338180203e-12,0.18165082536463376,4.283241957511224
115.58333333333333,0.0,21.75423699482269,5.0,469.7385632792864,15.0,30.0,1.0,0.0,0.0,0.0,0,0,0.0,0.0,-1.768373338180203e-12,0.18165082536463376,4.283241957511224
115.625,0.0,22.121968481625288,6.100000000000023,589.2265987088942,15.0,30.0,1.0,0.0,0.0,0.0,0,0,0.0,0.0,-1.768373338180203e-12,0.18165082536463376,4.283241957511224
115.66666666666667,0.0,22.32674783873574,7.899999999999977,512.4134430946292,15.0,30.0,1.0,0.0,0.0,0.0,0,0,0.0,0.0,-1.768373338180203e-12,0.18165082536463376,4.283241957511224
115.70833333333333,0.0,22.169001211343584,7.199999999999989,406.22309136420523,15.0,30.0,1.0,0.0,0.0,0.0,0,0,0.0,0.0,-1.768373338180203e-12,0.18165082536463376,4.283241957511224
115.75,0.0,21.872839223384403,7.199999999999989,276.56904664484455,15.0,30.0,1.0,0.0,0.0,0.0,0,0,0.0,0.0,-1.768373338180203e-12,0.18165082536463376,4.283241957511224
115.79166666666667,0.0,21.583387137260047,7.0,147.93101520572452,15.0,30.0,1.0,0.0,0.0,0.0,0,0,0.0,0.0,-1.768373338180203e-12,0.18165082536463376,4.283241957511224
115.83333333333333,0.021534922210600164,21.2881892621175,7.199999999999989,41.92465590887518,21.0,24.0,1.1791208060282445,1136.015880682941,20.498644281163177,510.20408163265313,5,219,-203.48408023214267,7722.109886821073,1339.4999608917556,0.18165964979310067,4.283241957511224
115.875,0.12164923809686085,21.114620685597686,5.600000000000023,2.4183673469387745,21.0,24.0,2.046102165299142,1338.2477839252379,20.498644281163177,510.20408163265313,5,219,-1399.9439044572996,2603.9468198760837,2738.191688396207,0.18387711055758588,4.283241957511224
115.91666666666667,0.25026201676020443,20.974191387145197,4.100000000000023,0.0,21.0,24.0,2.6423794037201955,1587.2577726515701,20.498644281163177,510.20408163265313,5,219,-2606.8794742602095,4003.7861295472935,4194.137246849302,0.18641476951579988,4.286659609668726
115.95833333333333,0.32826776903112104,20.954804651534005,3.6999999999999886,0.0,21.0,24.0,2.8735172406550684,1744.375022883159,20.498644281163177,510.20408163265313,5,219,-3268.116679507071,4847.474751090625,5012.491702422837,0.18919618599254134,4.332489155011635
116.0,0.37492831330325993,20.981970678130438,2.8999999999999773,0.0,21.0,24.0,2.928963894933499,1834.0605431280055,20.498644281163177,510.20408163265313,5,219,-3537.836568824044,5244.45108682799,5371.897111944051,0.19206300449977984,4.365675892895975
116.04166666666667,0.35068388307200954,21.097627578969764,3.8000000000000114,0.0,21.0,24.0,2.9024319089816717,1802.0286700781453,20.498644281163177,510.20408163265313,5,219,-3428.236842939837,5180.359854086817,5230.265512934614,0.19491781789126914,4.36797243361684
116.08333333333333,0.29305459634668846,21.21221834929554,4.5,0.0,21.0,24.0,2.75836863528193,1694.163031574449,20.498644281163177,510.20408163265313,5,219,-2978.963137778236,4692.472275024221,4673.126169349111,0.1976502203948574,4.36797243361684
116.125,0.2516592796803721,21.261544325943646,4.699999999999989,0.0,21.0,24.0,2.617608448823555,1610.7445322831145,20.498644281163177,510.20408163265313,5,219,-2605.553964284227,4262.102574094232,4216.298496600626,0.2002480139037174,4.36797243361684
116.16666666666667,0.2459387508171033,21.24532247946297,4.5,0.0,21.0,24.0,2.5860107201095417,1596.5692954465692,20.498644281163177,510.20408163265313,5,219,-2532.17601792511,4161.377483228868,4128.745313422566,0.20277526169352858,4.36797243361684
116.20833333333333,0.2730436203619802,21.191442701196365,4.0,0.0,21.0,24.0,2.6612820304600877,1647.03514943545,20.498644281163177,510.20408163265313,5,219,-2736.18989726026,4382.846848794811,4383.225046728709,0.2049771487019865,4.36797243361684
116.25,0.2796768275106273,21.186925613528445,4.399999999999977,0.6145833333333333,21.0,24.0,2.706751585017068,1665.2498467740634,20.498644281163177,510.20408163265313,5,219,-2842.1678154255746,4512.830851372532,4507.417662205125,0.20722138749264923,4.36797243361684
116.29166666666667,0.27200306853139894,21.202442840648303,4.800000000000011,6.128837719298246,21.0,24.0,2.700871537834387,1653.9127661158132,20.498644281163177,510.20408163265313,5,219,-2813.09315000918,4484.469704434805,4467.005916063141,0.20972177802070316,4.36797243361684
116.33333333333333,0.23619688282650617,21.251946465328047,5.399999999999977,33.97157894736842,21.0,24.0,2.592327744227354,1585.0997156400335,20.498644281163177,510.20408163265313,5,219,-2523.998254557298,4169.293346387815,4109.097970220549,0.21190640029620633,4.36797243361684
116.375,0.18370189006407486,21.30328345733119,5.600000000000023,75.58307692307693,21.0,24.0,2.360744570997092,1476.0611156425089,20.498644281163177,510.20408163265313,5,219,-2008.5421496340894,3581.5159871427813,3484.6032652129634,0.21406405243593726,4.36797243361684
116.41666666666667,0.11242621977045848,21.362705028318373,6.5,117.37692307692308,21.0,24.0,1.9784424272801124,1330.709733146292,20.498644281163177,510.20408163265313,5,219,-1302.0228612371684,2780.595992781591,2632.7325944512204,0.2162712432825422,4.36797243361684
116.45833333333333,0.05131799041784113,21.384276968345205,7.0,154.75263157894736,21.0,24.0,1.5152767504361522,1202.7091616088858,20.498644281163177,510.20408163265313,5,219,-619.7280684731618,1984.403573175798,1822.4372301225014,0.21841822812824008,4.36797243361684
116.5,0.018990550274467232,21.359845511798483,7.199999999999989,182.16736842105263,21.0,24.0,1.206784812730876,1134.6045358481706,20.498644281163177,510.20408163265313,5,219,-234.61898640581705,1511.605761690438,1369.223522317137,0.2204194757268057,4.36797243361684
116.54166666666667,0.00509614643176664,21.31827537872016,7.699999999999989,197.03,21.0,24.0,1.0,0.0,0.0,0.0,5,219,0.0,0.0,-1.780485484332122e-12,0.22158332358773686,4.36797243361684
116.58333333333333,0.02682904059978088,21.24751267812951,8.0,199.82291666666666,21.0,24.0,1.2997309226420475,1151.3370750309928,20.498644281163177,510.20408163265313,5,219,-345.09132376685307,1527.6673260222583,1496.4283988020286,0.22322216939573283,4.36797243361684
116.625,0.1181951046873205,21.101824804896637,4.800000000000011,188.63903985507247,21.0,24.0,1.9847477519574994,1329.1536330690892,20.498644281163177,510.20408163265313,5,219,-1308.8810520901025,2544.544860087527,2638.034685240018,0.22521800759507146,4.36797243361684
116.66666666666667,0.12470887501610592,21.134779737786857,6.199999999999989,164.29585597826087,21.0,24.0,2.0751559943349127,1350.096644268847,20.498644281163177,510.20408163265313,5,219,-1451.5644999864146,2780.104073915498,2801.661144285948,0.22714896140915833,4.36797243361684
116.70833333333333,0.161041275567013,21.106734748904273,5.300000000000011,130.40976991758242,21.0,24.0,2.2595279592428166,1419.927185524247,20.498644281163177,510.20408163265313,5,219,-1788.4379902574449,3147.8420104265624,3208.3651757809985,0.22900608402303158,4.36797243361684
116.75,0.22320579389374437,21.0574174288289,4.5,110.16322566322566,21.0,24.0,2.5270940409024454,1541.4441911414342,20.498644281163177,510.20408163265313,5,219,-2353.930238606032,3808.0060637166093,3895.3744298172082,0.2309048389189185,4.36797243361684
116.79166666666667,0.23740554658667665,21.09230499670406,5.0,68.36764552743934,21.0,24.0,2.606380152099909,1576.9337948504995,20.498644281163177,510.20408163265313,5,219,-2533.1551492136323,4055.1380300280325,4110.088944073931,0.23315624807641244,4.36797243361684
116.83333333333333,0.3787768469669293,20.9328977184241,1.8000000000000114,13.591987568223164,21.0,24.0,2.864348180079605,1827.8406311911212,20.498644281163177,510.20408163265313,5,219,-3407.7313542697275,5078.155819384939,5235.571985427845,0.23575704786985158,4.379582504748818
116.875,0.43934483392504176,20.955360026222706,2.3999999999999773,2.0845588235294117,21.0,24.0,3.019124856429563,1963.8833178168195,20.498644281163177,510.20408163265313,5,219,-3965.325622207221,5812.067127941538,5929.208939948119,0.2387296729110388,4.453826846809122
116.91666666666667,0.45407393569511023,21.02452437795216,2.1000000000000227,0.0,21.0,24.0,3.0071563631261427,1995.1586408938986,20.498644281163177,510.20408163265313,5,219,-4004.5953615180465,5926.241304699949,5999.754002410194,0.24182991789717448,4.4668953632837916
116.95833333333333,0.45718759300905976,21.08437823238785,2.1000000000000227,0.0,21.0,24.0,2.9984123875470483,2006.073483363789,20.498644281163177,510.20408163265313,5,219,-4008.9620994609254,5969.622726520547,6015.035582847642,0.2449479021268755,4.4668953632837916
117.0,0.4633339384020208,21.11743447463516,1.6000000000000227,0.0,21.0,24.0,2.964276686114392,2013.915958284597,20.498644281163177,510.20408163265313,5,219,-3955.888164581885,5946.116383157384,5969.804122936755,0.24801028923028823,4.4668953632837916
117.04166666666667,0.4530096120724183,21.16299526342931,1.8000000000000114,0.0,21.0,24.0,2.951696652429953,1998.3001480671437,20.498644281163177,510.20408163265313,5,219,-3900.075709587245,5898.322902274111,5898.375857600067,0.2510986977087209,4.4668953632837916
117.08333333333333,0.4596628219209861,21.16544263113508,1.1000000000000227,0.0,21.0,24.0,2.911299696529583,2001.97742722373,20.498644281163177,510.20408163265313,5,219,-3826.3788491654987,5831.640761379041,5828.35627633552,0.25414273659308334,4.4668953632837916
117.125,0.43139559723220294,21.219047622685594,2.1000000000000227,0.0,21.0,24.0,2.924299904402561,1960.718061305613,20.498644281163177,510.20408163265313,5,219,-3773.0095779228363,5759.863613548255,5733.727639236378,0.25716517315068677,4.4668953632837916
117.16666666666667,0.41196765545169756,21.2375542921734,1.8999999999999773,0.0,21.0,24.0,2.8708286986161746,1918.0039688147417,20.498644281163177,510.20408163265313,5,219,-3588.256868903826,5545.185496391402,5506.260837733083,0.26010841436774856,4.4668953632837916
117.20833333333333,0.4085021423494649,21.227465310474827,1.6999999999999886,0.0,21.0,24.0,2.852177149420905,1907.4284836567047,20.498644281163177,510.20408163265313,5,219,-3532.8954516478175,5471.814566708486,5440.32393524022,0.26298274219107604,4.4668953632837916
117.25,0.3932293579343039,21.24093237124515,2.6999999999999886,1.7812499999999998,21.0,24.0,2.886082956497661,1889.748682600279,20.498644281163177,510.20408163265313,5,219,-3564.222782340717,5488.207473072584,5453.9714649165735,0.2658589558631163,4.4668953632837916
117.29166666666667,0.36658698340157825,21.261334607384015,2.6999999999999886,23.4507087628866,21.0,24.0,2.8239120802659277,1834.384001122885,20.498644281163177,510.20408163265313,5,219,-3345.7551395482274,5232.961747257002,5180.139140617462,0.268605440908732,4.4668953632837916
117.33333333333333,0.29361685535129506,21.341705109708982,3.3000000000000114,120.75076481434917,21.0,24.0,2.655870061950447,1690.5275002884987,20.498644281163177,510.20408163265313,5,219,-2799.2938766589605,4608.664029828577,4489.821376920149,0.27129441972422336,4.4668953632837916
117.375,0.11115049096642067,21.541023087874976,4.300000000000011,284.2256097560976,21.0,24.0,1.8779245886718765,1321.5570269026075,20.498644281163177,510.20408163265313,5,219,-1160.22740919024,2762.705854767676,2481.784436152507,0.2737800919838427,4.4668953632837916
117.41666666666667,0.0,21.775151061772362,4.5,380.8243021346469,21.0,24.0,1.0,0.0,0.0,0.0,5,219,0.0,0.0,9.938924328611096e-11,0.27456180972602195,4.4668953632837916
117.45833333333333,0.0,21.631181215401057,1.8999999999999773,416.8522329530723,21.0,24.0,1.0,0.0,0.0,0.0,5,219,0.0,0.0,9.938924328611096e-11,0.27456180972602195,4.4668953632837916
117.5,0.0,21.73906212105601,6.0,377.08918818272093,21.0,24.0,1.0,0.0,0.0,0.0,5,219,0.0,0.0,9.938924328611096e-11,0.27456180972602195,4.4668953632837916
117.54166666666667,0.0,21.525584517963694,4.199999999999989,420.6279308439251,21.0,24.0,1.0,0.0,0.0,0.0,5,219,0.0,0.0,9.938924328611096e-11,0.27456180972602195,4.4668953632837916
117.58333333333333,0.0,21.788905717510545,4.399999999999977,645.6597313023012,21.0,24.0,1.0,0.0,0.0,0.0,5,219,0.0,0.0,9.938924328611096e-11,0.27456180972602195,4.4668953632837916
117.625,0.0,22.221008562542465,7.199999999999989,593.394088615439,21.0,24.0,1.0,0.0,0.0,0.0,5,219,0.0,0.0,9.938924328611096e-11,0.27456180972602195,4.4668953632837916
117.66666666666667,0.0,22.12960595494002,7.0,405.3820077606113,21.0,24.0,1.0,0.0,0.0,0.0,5,219,0.0,0.0,9.938924328611096e-11,0.27456180972602195,4.4668953632837916
117.70833333333333,0.0,21.741739383127083,4.199999999999989,251.18799132556248,21.0,24.0,1.0,0.0,0.0,0.0,5,219,0.0,0.0,9.938924328611096e-11,0.27456180972602195,4.4668953632837916
117.75,0.0,21.423038289125827,5.0,137.62515508684865,21.0,24.0,1.0,0.0,0.0,0.0,5,219,0.0,0.0,9.938924328611096e-11,0.27456180972602195,4.4668953632837916
117.79166666666667,0.0814746186186337,21.122019199599094,3.8999999999999773,86.01835664335664,21.0,24.0,1.7038394175153304,1252.533912868151,20.498644281163177,510.20408163265313,5,219,-881.5827396233035,2132.245068986702,2134.116652519468,0.27551140427106735,4.4668953632837916
117.83333333333333,0.1946082036312737,21.000525834776226,4.300000000000011,33.22159090909091,21.0,24.0,2.4031525189027105,1477.594659823902,20.498644281163177,510.20408163265313,5,219,-2073.29066887203,3399.502109819304,3550.8853286730036,0.2779641077244877,4.4668953632837916
117.875,0.2947840298460459,20.938975221037367,3.6999999999999886,0.0,21.0,24.0,2.771638289156169,1675.1521649632537,20.498644281163177,510.20408163265313,5,219,-2967.763715539637,4470.5774291988655,4642.915880575005,0.280733598540529,4.501140560935338
117.91666666666667,0.3326955538856577,20.986297171496403,3.8999999999999773,0.0,21.0,24.0,2.885215737500568,1759.4027246121523,20.498644281163177,510.20408163265313,5,219,-3316.853704956385,4955.302912335945,5076.25642965236,0.2836302037138221,4.546714823242787
117.95833333333333,0.3455347125901656,21.046385662266516,3.5,0.0,21.0,24.0,2.8791665314491746,1785.2534785599269,20.498644281163177,510.20408163265313,5,219,-3354.788587106586,5059.922670261518,5140.042065622958,0.2866013306048419,4.547948036094442
118.0,0.34676431079076014,21.100974028374935,3.5,0.0,21.0,24.0,2.869291072161571,1791.3709347331849,20.498644281163177,510.20408163265313,5,219,-3348.593695158917,5092.666703808043,5139.964629959655,0.2895575018613275,4.547948036094442
118.04166666666667,0.34546557227080876,21.138416210887158,3.5,0.0,21.0,24.0,2.8565585523744255,1791.2044204313606,20.498644281163177,510.20408163265313,5,219,-3325.475885723698,5089.820181930061,5116.68030623408,0.29244143942389733,4.547948036094442
118.08333333333333,0.33308020876697414,21.178580690175636,3.6000000000000227,0.0,21.0,24.0,2.8210916206812815,1768.7784032689751,20.498644281163177,510.20408163265313,5,219,-3221.107529040466,4992.8898876771955,4989.885932304122,0.29528969342965283,4.547948036094442
118.125,0.3220105233578388,21.200297762771243,3.5,0.0,21.0,24.0,2.7795301981699403,1745.5277879798452,20.498644281163177,510.20408163265313,5,219,-3106.2194104426403,4865.729928279831,4851.747198434757,0.2980930433862044,4.547948036094442
118.16666666666667,0.32712114899334216,21.19326533029016,3.3999999999999773,0.0,21.0,24.0,2.78730067953073,1755.1549989422901,20.498644281163177,510.20408163265313,5,219,-3136.9897223173866,4901.913151985957,4892.144721233603,0.300884633950372,4.547948036094442
118.20833333333333,0.3354149040897348,21.183692430094652,3.0,0.0,21.0,24.0,2.7850940458058737,1767.712142450564,20.498644281163177,510.20408163265313,5,219,-3155.5324202602624,4931.559386779822,4923.24456263781,0.3036771966610156,4.547948036094442
118.25,0.35938292638174757,21.156933430083143,2.6999999999999886,0.5795454545454545,21.0,24.0,2.8292809456995114,1813.1825824475109,20.498644281163177,510.20408163265313,5,219,-3316.8203491907007,5121.340680805711,5130.002931592976,0.3065352109112391,4.547948036094442
118.29166666666667,0.0,21.162496823168226,2.8000000000000114,7.090909090909091,15.0,30.0,1.0,0.0,0.0,0.0,5,219,0.0,0.0,-5.498914352971316e-12,0.3095554566927726,4.547948036094442
118.33333333333333,0.0,20.880627782123952,3.0,35.97537878787879,15.0,30.0,1.0,0.0,0.0,0.0,0,0,0.0,0.0,-5.498914352971316e-12,0.3095554566927726,4.547948036094442
118.375,0.03455342743620414,20.693375114523406,4.100000000000023,78.10416666666667,15.0,30.0,1.3237872715103374,1162.6798954961102,20.498644281163177,510.20408163265313,0,0,-376.4609510708639,1685.5544340200588,1539.14084649872,0.31143639814791435,4.547948036094442
118.41666666666667,0.04971012689454771,20.6035010544947,4.5,120.46875,15.0,30.0,1.4626795550259557,1192.6700634331755,20.498644281163177,510.20408163265313,0,0,-551.8240542218474,1834.479856609106,1744.4941176752154,0.31367444116030907,4.547948036094442
118.45833333333333,0.036153871019061194,20.58630535376028,5.0,157.70888157894737,15.0,30.0,1.3535984310395808,1166.3863029853837,20.498644281163177,510.20408163265313,0,0,-412.4323667021119,1675.966265631911,1578.8186697070726,0.31588338362770646,4.547948036094442
118.5,0.0,20.61698809393613,6.0,184.52462163993675,15.0,30.0,1.0,0.0,0.0,0.0,0,0,0.0,0.0,-1.7774574477941423e-12,0.31728017602566017,4.547948036094442
118.54166666666667,0.01205291492824256,20.546253411847374,6.100000000000023,199.05494573399545,15.0,30.0,1.1300522769769303,1119.0124873285724,20.498644281163177,510.20408163265313,0,0,-145.53012199513975,2447.4908098053406,1264.5426092712717,0.3173935956260723,4.547948036094442
118.58333333333333,0.0,20.604811542664265,7.0,323.89855184584246,15.0,30.0,1.0,0.0,0.0,0.0,0,0,0.0,0.0,-1.780485484332122e-12,0.3186900284971172,4.547948036094442
118.625,0.0,20.88086240899912,7.199999999999989,365.5135200346113,15.0,30.0,1.0,0.0,0.0,0.0,0,0,0.0,0.0,-1.780485484332122e-12,0.3186900284971172,4.547948036094442
118.66666666666667,0.0,20.77956961720423,7.300000000000011,270.19072916666664,15.0,30.0,1.0,0.0,0.0,0.0,0,0,0.0,0.0,-1.780485484332122e-12,0.3186900284971172,4.547948036094442
118.70833333333333,0.0,20.642626729298286,7.899999999999977,214.9177777777778,15.0,30.0,1.0,0.0,0.0,0.0,0,0,0.0,0.0,-1.780485484332122e-12,0.3186900284971172,4.547948036094442
118.75,0.03396053888469001,20.468065506435096,7.699999999999989,148.09318996415772,15.0,30.0,1.3785671681525031,1164.3293311284606,20.498644281163177,510.20408163265313,0,0,-440.7768576597899,1679.9620344816356,1605.10618881066,0.31913166339590154,4.547948036094442
118.79166666666667,0.12489719188984996,20.35858021230598,7.699999999999989,79.3615903975994,15.0,30.0,2.164537702331049,1352.2839059472603,20.498644281163177,510.20408163265313,0,0,-1574.785592816346,2763.9132483420703,2927.069498678339,0.3214591290634502,4.547948036094442
118.83333333333333,0.6202193614293497,20.30910122950081,7.5,18.739664082687337,21.0,24.0,4.172046545331934,2381.275993717829,20.498644281163177,510.20408163265313,5,219,-7553.518289342223,3775.693829094062,9934.794283072337,0.3239938333494195,4.550826780971522
118.875,0.6569118000336719,20.59159417080383,7.100000000000023,0.7777777777777781,21.0,24.0,3.737712207962215,2510.03157862803,20.498644281163177,510.20408163265313,5,219,-6871.744095234988,8961.24542245232,9381.775673808657,0.3278909445159482,5.114487357801396
118.91666666666667,0.5342647958379355,20.98132879320781,6.699999999999989,0.0,21.0,24.0,3.4605388745862213,2255.5225790470827,20.498644281163177,510.20408163265313,5,219,-5549.800988215403,7695.9838869301375,7805.323567299403,0.33166059882648946,5.326320181814985
118.95833333333333,0.37999807458868856,21.26631079039248,6.5,0.0,21.0,24.0,3.103922671725483,1917.8190406346664,20.498644281163177,510.20408163265313,5,219,-4034.9429597961844,6020.874271154992,5952.762000492757,0.33499325882371134,5.326804673576865
119.0,0.28073585968742754,21.371856415750017,6.300000000000011,0.0,21.0,24.0,2.7881437907042312,1697.210918216304,20.498644281163177,510.20408163265313,5,219,-3034.857164981427,4851.743716102312,4732.068083140215,0.3378801957224776,5.326804673576865
119.04166666666667,0.23778722367157548,21.364880254721015,6.100000000000023,0.0,21.0,24.0,2.6179085920605902,1600.0818343736314,20.498644281163177,510.20408163265313,5,219,-2588.78614790963,4299.2604677955305,4188.8679822068,0.34052605826002436,5.326804673576865
119.08333333333333,0.23095107758085037,21.313464460408056,5.800000000000011,0.0,21.0,24.0,2.580903338473646,1580.6626949006165,20.498644281163177,510.20408163265313,5,219,-2498.874931395455,4161.102597161388,4079.537626269752,0.34313015153145937,5.326804673576865
119.125,0.24313410876090666,21.25467887232196,5.5,0.0,21.0,24.0,2.622284664796038,1602.1536906964989,20.498644281163177,510.20408163265313,5,219,-2599.149363104637,4245.722817029152,4201.303053759803,0.34572191061244206,5.326804673576865
119.16666666666667,0.28558916881198987,21.17702992031934,5.100000000000023,0.0,21.0,24.0,2.764627901453262,1686.657247373896,20.498644281163177,510.20408163265313,5,219,-2976.3224389460365,4656.556848331959,4662.9796862782305,0.34838289824795343,5.326804673576865
119.20833333333333,0.31231997568589076,21.151452942236403,5.199999999999989,0.0,21.0,24.0,2.8585697100961287,1744.6962322929166,20.498644281163177,510.20408163265313,5,219,-3242.6395707385564,4975.507324682561,4987.335802951371,0.3511339801482092,5.326804673576865
119.25,0.3134867624002989,21.168062736664865,5.199999999999989,0.5869565217391304,21.0,24.0,2.8588185054136934,1748.1033372067873,20.498644281163177,510.20408163265313,5,219,-3249.40683251944,5001.958257970119,4997.510169782197,0.3539449206636404,5.326804673576865
119.29166666666667,0.0,21.183363392600484,5.100000000000023,6.819293478260869,15.0,30.0,1.0,0.0,0.0,0.0,5,219,0.0,0.0,-5.196110699173336e-12,0.35684393523544944,5.326804673576865
119.33333333333333,0.0,20.915841112669,5.100000000000023,36.77309782608696,15.0,30.0,1.0,0.0,0.0,0.0,0,0,0.0,0.0,-5.196110699173336e-12,0.35684393523544944,5.326804673576865
119.375,0.032415468910130765,20.661150539219875,5.300000000000011,78.53493788819875,15.0,30.0,1.3209588766915636,1159.8325124968655,20.498644281163177,510.20408163265313,0,0,-372.25854043984987,1754.4856052571158,1532.0910528582135,0.3577406542739225,5.326804673576865
119.41666666666667,0.05907603541481431,20.56747270275241,5.399999999999977,120.83379120879121,15.0,30.0,1.5608238899753777,1212.9714792628492,20.498644281163177,510.20408163265313,0,0,-680.2633834246295,1955.9802315561992,1893.2348626922285,0.3599915382385061,5.326804673576865
119.45833333333333,0.05971343641961385,20.543659026410296,5.899999999999977,158.51442307692307,15.0,30.0,1.5783364398256872,1215.1594715104086,20.498644281163177,510.20408163265313,0,0,-702.77100254185,1976.1378220673228,1917.930474084202,0.36224634070048284,5.326804673576865
119.5,0.04747913979755453,20.544868638938965,6.0,185.05729166666666,15.0,30.0,1.4735374648254096,1190.4811379137157,20.498644281163177,510.20408163265313,0,0,-563.7374199921735,1818.2943521464724,1754.2185578838453,0.36445939900171054,5.326804673576865
119.54166666666667,0.0,20.596789302715024,7.100000000000023,199.72520833333334,15.0,30.0,1.0,0.0,0.0,0.0,0,0,0.0,0.0,-1.780485484332122e-12,0.36629980521123284,5.326804673576865
119.58333333333333,0.0004911506852982375,20.559115856249548,7.600000000000023,201.03,15.0,30.0,1.0,0.0,0.0,0.0,0,0,0.0,0.0,-1.780485484332122e-12,0.36629980521123284,5.326804673576865
119.625,0.01228440922311,20.52470076443217,7.899999999999977,190.225,15.0,30.0,1.1432306783241544,1120.211144416672,20.498644281163177,510.20408163265313,0,0,-160.44860201055013,1293.2938452615447,1280.659746497749,0.3676748319389816,5.326804673576865
119.66666666666667,0.012970728869602006,20.511561261728048,8.600000000000023,165.9,15.0,30.0,1.155301543388422,1121.9848997844515,20.498644281163177,510.20408163265313,0,0,-174.24598660069222,1554.9256317124966,1296.2308863794808,0.36873123544702546,5.326804673576865
119.70833333333333,0.030104262421743976,20.486044496396687,9.199999999999989,131.22297297297297,15.0,30.0,1.355090913919499,1158.764194757112,20.498644281163177,510.20408163265313,0,0,-411.46663700287127,1553.8860242276783,1570.2308316906071,0.3707868493043232,5.326804673576865
119.75,0.012889570326437474,20.516220940510607,10.899999999999977,113.51452702702703,15.0,30.0,1.1676616662992911,1123.248193428371,20.498644281163177,510.20408163265313,0,0,-188.32566373726098,1352.3499751026234,1311.57385720624,0.3728975185763037,5.326804673576865
119.79166666666667,0.022737226018021833,20.492174759069144,11.300000000000011,81.75306603773586,15.0,30.0,1.2943661011446526,1145.3088384502723,20.498644281163177,510.20408163265313,0,0,-337.1400973632719,1467.0520014841454,1482.4489358313897,0.37436676116028306,5.326804673576865
119.83333333333333,0.5013737951117581,20.415920816738833,11.600000000000023,20.80943396226415,21.0,24.0,4.322537181474184,2219.3707313690284,20.498644281163177,510.20408163265313,5,219,-7373.9417745006585,2376.5361475146024,9593.312505818178,0.376677916564566,5.329238336840453
119.875,0.5024342424052831,20.70933444202734,11.300000000000011,0.7000000000000006,21.0,24.0,3.822102728413114,2256.099952986762,20.498644281163177,510.20408163265313,5,219,-6366.945832894032,8236.4396165286,8623.045785883402,0.38036181946108805,5.785196465966114
119.91666666666667,0.3314014868586633,21.12022911885333,11.0,0.0,21.0,24.0,3.289670372982209,1865.4388680900786,20.498644281163177,510.20408163265313,5,219,-4271.240108839715,6137.5253900367,6136.678976965399,0.38373984078298023,5.884292677691615
119.95833333333333,0.18233116333102362,21.34438906302637,10.5,0.0,21.0,24.0,2.5849961455619903,1513.3610297691848,20.498644281163177,510.20408163265313,5,219,-2398.6713990522576,4060.546649390684,3912.032428797067,0.386563406963383,5.884292677691615
120.0,0.1306815254334529,21.356978915427533,10.0,0.0,21.0,24.0,2.237681417178313,1389.9161906731233,20.498644281163177,510.20408163265313,5,219,-1720.2734406691532,3234.6581494990687,3110.189631304517,0.3890546815596811,5.884292677691615
120.04166666666667,0.148436399034935,21.273678313617324,9.199999999999989,0.0,21.0,24.0,2.33187274574601,1423.3987640132818,20.498644281163177,510.20408163265313,5,219,-1895.7860201336782,3367.012142661641,3319.1847841311283,0.39144429557167193,5.884292677691615
120.08333333333333,0.18963620749904592,21.19142770783867,8.399999999999977,0.0,21.0,24.0,2.543409838434036,1507.9059719831453,20.498644281163177,510.20408163265313,5,219,-2327.316912578728,3829.0768866043372,3835.22288457537,0.39388876628094427,5.884292677691615
120.125,0.2621252310514186,21.096551755145924,7.600000000000023,0.0,21.0,24.0,2.843754479505948,1659.0575271452212,20.498644281163177,510.20408163265313,5,219,-3058.894747513615,4643.098519149981,4717.952274577284,0.39644723630534023,5.884292677691615
120.16666666666667,0.3000844672512498,21.08649736491043,7.0,0.0,21.0,24.0,2.9430160065447315,1736.8547006321364,20.498644281163177,510.20408163265313,5,219,-3374.7364843503674,5060.269013919421,5111.591185002835,0.3991446401060936,5.884292677691615
120.20833333333333,0.28684794488279614,21.14696134539861,6.600000000000023,0.0,21.0,24.0,2.8622038654011672,1705.4776407241097,20.498644281163177,510.20408163265313,5,219,-3175.9470548694735,4885.0360250083795,4881.42469563581,0.4018079441361588,5.884292677691615
120.25,0.26016430854512507,21.201966544211302,6.399999999999977,0.5476190476190476,21.0,24.0,2.745725139963683,1646.490455200937,20.498644281163177,510.20408163265313,5,219,-2874.319780358508,4557.687262951125,4520.810235555461,0.4044513708735471,5.884292677691615
120.29166666666667,0.0,21.22405170842859,6.100000000000023,9.102380952380951,15.0,30.0,1.0,0.0,0.0,0.0,5,219,0.0,0.0,-4.566279099273538e-12,0.4069626002118996,5.884292677691615
120.33333333333333,0.0,20.993450292286525,6.600000000000023,35.40833333333333,15.0,30.0,1.0,0.0,0.0,0.0,0,0,0.0,0.0,-4.566279099273538e-12,0.4069626002118996,5.884292677691615
120.375,0.0,20.763631008986295,6.899999999999977,107.3122454448017,15.0,30.0,1.0,0.0,0.0,0.0,0,0,0.0,0.0,-4.566279099273538e-12,0.4069626002118996,5.884292677691615
120.41666666666667,0.0,20.737049605101618,8.5,193.81692122186496,15.0,30.0,1.0,0.0,0.0,0.0,0,0,0.0,0.0,-4.566279099273538e-12,0.4069626002118996,5.884292677691615
120.45833333333333,0.0,20.8573168414232,9.5,370.5703715365239,15.0,30.0,1.0,0.0,0.0,0.0,0,0,0.0,0.0,-4.566279099273538e-12,0.4069626002118996,5.884292677691615
120.5,0.0,21.55046524408408,11.5,650.9092796262668,15.0,30.0,1.0,0.0,0.0,0.0,0,0,0.0,0.0,-4.566279099273538e-12,0.4069626002118996,5.884292677691615
120.54166666666667,0.0,22.514895645576416,14.399999999999977,752.0921771954182,15.0,30.0,1.0,0.0,0.0,0.0,0,0,0.0,0.0,-4.566279099273538e-12,0.4069626002118996,5.884292677691615
120.58333333333333,0.0,23.216908532417165,15.399999999999977,753.6781716417911,15.0,30.0,1.0,0.0,0.0,0.0,0,0,0.0,0.0,-4.566279099273538e-12,0.4069626002118996,5.884292677691615
120.625,0.0,23.68659649727067,16.30000000000001,713.3063271604939,15.0,30.0,1.0,0.0,0.0,0.0,0,0,0.0,0.0,-4.566279099273538e-12,0.4069626002118996,5.884292677691615
120.66666666666667,0.0,23.88284297033067,16.69999999999999,626.3020061728395,15.0,30.0,1.0,0.0,0.0,0.0,0,0,0.0,0.0,-4.566279099273538e-12,0.4069626002118996,5.884292677691615
120.70833333333333,0.0,23.80619948800546,16.899999999999977,498.7414007092199,15.0,30.0,1.0,0.0,0.0,0.0,0,0,0.0,0.0,-4.566279099273538e-12,0.4069626002118996,5.884292677691615
120.75,0.0,23.625485852873624,17.600000000000023,345.6273492907801,15.0,30.0,1.0,0.0,0.0,0.0,0,0,0.0,0.0,-4.566279099273538e-12,0.4069626002118996,5.884292677691615
120.79166666666667,0.0,23.446775635690813,17.69999999999999,191.1296085858586,15.0,30.0,1.0,0.0,0.0,0.0,0,0,0.0,0.0,-4.566279099273538e-12,0.4069626002118996,5.884292677691615
120.83333333333333,0.0,23.21802736543077,17.600000000000023,56.12664141414142,21.0,24.0,1.0,0.0,0.0,0.0,5,219,0.0,0.0,-4.566279099273538e-12,0.4069626002118996,5.884292677691615
120.875,0.0,23.010842122304382,16.19999999999999,3.3291666666666657,21.0,24.0,1.0,0.0,0.0,0.0,5,219,0.0,0.0,-4.566279099273538e-12,0.4069626002118996,5.884292677691615
120.91666666666667,0.0,22.709011940166306,14.300000000000011,0.0,21.0,24.0,1.0,0.0,0.0,0.0,5,219,0.0,0.0,-4.566279099273538e-12,0.4069626002118996,5.884292677691615
120.95833333333333,0.0,22.453528725490514,13.199999999999989,0.0,21.0,24.0,1.0,0.0,0.0,0.0,5,219,0.0,0.0,-4.566279099273538e-12,0.4069626002118996,5.884292677691615
121.0,0.0,22.193232097525083,11.5,0.0,21.0,24.0,1.0,0.0,0.0,0.0,5,219,0.0,0.0,-4.566279099273538e-12,0.4069626002118996,5.884292677691615
121.04166666666667,0.0,21.973015713217592,11.100000000000023,0.0,21.0,24.0,1.0,0.0,0.0,0.0,5,219,0.0,0.0,-4.566279099273538e-12,0.4069626002118996,5.884292677691615
121.08333333333333,0.0,21.768994674446276,10.699999999999989,0.0,21.0,24.0,1.0,0.0,0.0,0.0,5,219,0.0,0.0,-4.566279099273538e-12,0.4069626002118996,5.884292677691615
121.125,0.0,21.56296475061322,10.300000000000011,0.0,21.0,24.0,1.0,0.0,0.0,0.0,5,219,0.0,0.0,-4.566279099273538e-12,0.4069626002118996,5.884292677691615
121.16666666666667,0.0,21.353194229568203,9.600000000000023,0.0,21.0,24.0,1.0,0.0,0.0,0.0,5,219,0.0,0.0,-4.566279099273538e-12,0.4069626002118996,5.884292677691615
121.20833333333333,0.05913258092418094,21.15270624039647,7.899999999999977,0.0,21.0,24.0,1.623632822289074,1217.893331128211,20.498644281163177,510.20408163265313,5,219,-759.5182553327226,1973.8878057569846,1977.411586466739,0.4079447049631956,5.884292677691615
121.25,0.12123712879097584,21.088040456575015,8.100000000000023,2.195121951219512,21.0,24.0,2.138854490650086,1349.5296014285636,20.498644281163177,510.20408163265313,5,219,-1536.9178468574255,2770.737200750987,2886.447448280704,0.41014278385416636,5.884292677691615
121.29166666666667,0.0,21.11653540580329,8.5,30.771544715447153,15.0,30.0,1.0,0.0,0.0,0.0,5,219,0.0,0.0,-3.47012987252485e-12,0.41253734329232083,5.884292677691615
121.33333333333333,0.0,21.118802589686766,10.199999999999989,151.03895131086142,15.0,30.0,1.0,0.0,0.0,0.0,0,0,0.0,0.0,-3.47012987252485e-12,0.41253734329232083,5.884292677691615
121.375,0.0,21.425509724887604,14.0,316.2979534510433,15.0,30.0,1.0,0.0,0.0,0.0,0,0,0.0,0.0,-3.47012987252485e-12,0.41253734329232083,5.884292677691615
121.41666666666667,0.0,22.056050305575695,16.899999999999977,482.58837772397095,15.0,30.0,1.0,0.0,0.0,0.0,0,0,0.0,0.0,-3.47012987252485e-12,0.41253734329232083,5.884292677691615
121.45833333333333,0.0,22.879996248972247,18.5,626.6830508474576,15.0,30.0,1.0,0.0,0.0,0.0,0,0,0.0,0.0,-3.47012987252485e-12,0.41253734329232083,5.884292677691615
121.5,0.0,23.790508424087648,19.600000000000023,730.55,15.0,30.0,1.0,0.0,0.0,0.0,0,0,0.0,0.0,-3.47012987252485e-12,0.41253734329232083,5.884292677691615
121.54166666666667,0.0,24.64998131078096,20.30000000000001,787.9664948453608,15.0,30.0,1.0,0.0,0.0,0.0,0,0,0.0,0.0,-3.47012987252485e-12,0.41253734329232083,5.884292677691615
121.58333333333333,0.0,25.394014921304404,21.600000000000023,795.0335051546392,15.0,30.0,1.0,0.0,0.0,0.0,0,0,0.0,0.0,-3.47012987252485e-12,0.41253734329232083,5.884292677691615
121.625,0.0,25.908215638747265,22.399999999999977,751.269578313253,15.0,30.0,1.0,0.0,0.0,0.0,0,0,0.0,0.0,-3.47012987252485e-12,0.41253734329232083,5.884292677691615
121.66666666666667,0.0,26.102993520847917,22.399999999999977,658.3503196459307,15.0,30.0,1.0,0.0,0.0,0.0,0,0,0.0,0.0,-3.47012987252485e-12,0.41253734329232083,5.884292677691615
121.70833333333333,0.0,26.043641957824946,23.100000000000023,528.458000591541,15.0,30.0,1.0,0.0,0.0,0.0,0,0,0.0,0.0,-3.47012987252485e-12,0.41253734329232083,5.884292677691615
121.75,0.0,25.85157306248118,23.100000000000023,350.7388822711932,15.0,30.0,1.0,0.0,0.0,0.0,0,0,0.0,0.0,-3.47012987252485e-12,0.41253734329232083,5.884292677691615
121.79166666666667,0.0,25.666824801148437,23.0,159.26117616732952,15.0,30.0,1.0,0.0,0.0,0.0,0,0,0.0,0.0,-3.47012987252485e-12,0.41253734329232083,5.884292677691615
121.83333333333333,0.0,25.401199970423477,22.0,34.802884132248025,21.0,24.0,1.0,0.0,0.0,0.0,5,219,0.0,0.0,-3.47012987252485e-12,0.41253734329232083,5.890131010901713
121.875,0.0,25.185338116042374,20.600000000000023,3.994158878504672,21.0,24.0,1.0,0.0,0.0,0.0,5,219,0.0,0.0,-3.47012987252485e-12,0.41253734329232083,7.208775044868826
121.91666666666667,0.0,24.873791349393287,18.30000000000001,0.0,21.0,24.0,1.0,0.0,0.0,0.0,5,219,0.0,0.0,-3.47012987252485e-12,0.41253734329232083,8.23871765376093
121.95833333333333,0.0,24.602641895929764,16.600000000000023,0.0,21.0,24.0,1.0,0.0,0.0,0.0,5,219,0.0,0.0,-3.47012987252485e-12,0.41253734329232083,8.97480417852157
122.0,0.0,24.338617580364144,15.0,0.0,21.0,24.0,1.0,0.0,0.0,0.0,5,219,0.0,0.0,-3.47012987252485e-12,0.41253734329232083,9.445893160232401
