Time,Action,Indoor_Temperature,Ambient_Temperature,Solar_Radiation,Set_Heat_Temperature,Set_Cool_Temperature,Cop,Heat_Pump_Power,Emission_circuit_pump_electrical_power,Electrical_power_heat_pump_evaporator_fan,Occupants,Occupancy_Gain,reaQHeaPumEva_y,Q_Heat_Pump,reaQHeaPumCon_y,Price,Energy cost,Thermal discomfort
16.041666666666668,0.7877674196478495,21.48254330691026,1.6000000000000227,0.0,21.0,24.0,3.2131720093325953,2737.252692935299,20.498644281163177,510.20408163265313,5,219,-6058.011042430924,8715.286506607878,8795.263735409972,0.2486,0.004219159719701472,0
16.083333333333332,0.41695455299915807,21.51513317507488,1.6000000000000227,0.0,21.0,24.0,2.803845590526714,1941.6945489969467,20.498644281163177,510.20408163265313,5,219,-3502.5171503025376,5605.604457504417,5444.211699354846,0.2466,0.007406358575799683,0
16.125,0.3556054519472269,21.39787776247624,1.3000000000000114,0.0,21.0,24.0,2.672421738199373,1804.5869438669042,20.498644281163177,510.20408163265313,5,219,-3018.0304333958843,4971.936771044855,4822.617377260687,0.2469,0.010416731517769298,0
16.166666666666668,0.6352411222045191,21.337635410671055,0.6999999999999886,0.0,21.0,24.0,3.0730188610231406,2371.484866111733,20.498644281163177,510.20408163265313,5,219,-4916.132856162527,7244.629425520775,7287.617722192293,0.23555,0.013975693596395609,0
16.208333333333332,0.7680967633699467,21.43029069159934,0.6999999999999886,0.0,21.0,24.0,3.155002320029408,2660.817050512296,20.498644281163177,510.20408163265313,5,219,-5734.066917027324,8306.724864905265,8394.883967540101,0.23876,0.01793462682627493,0
16.25,0.5637591771665171,21.495605150560607,0.6999999999999886,0.0,21.0,24.0,2.971664613680498,2231.3322835432805,20.498644281163177,510.20408163265313,5,219,-4399.438904757704,6688.099075625703,6630.771188368466,0.2486,0.02151679835754984,0
16.291666666666668,0.41971775011975154,21.453361413446544,0.6999999999999886,0.0,15.0,30.0,2.7649555022535806,1929.1146220768187,20.498644281163177,510.20408163265313,5,219,-3404.8014667045068,5455.368769958664,5333.916088789137,0.25514,0.02479255265024454,0
16.333333333333332,0.0,21.036658437217454,0.8999999999999773,0.0,15.0,30.0,1.0,0.0,0.0,0.0,5,219,0.0,0.0,-1.7259808266484857e-12,0.26408,0.024806649635594546,0
16.375,0.0,20.5513912250193,1.0,0.0,15.0,30.0,1.0,0.0,0.0,0.0,0,0,0.0,0.0,-1.7259808266484857e-12,0.27255,0.024806649635594546,0
16.416666666666668,0.0,20.118811217805955,1.0,10.896727467811159,15.0,30.0,1.0,0.0,0.0,0.0,0,0,0.0,0.0,-1.7259808266484857e-12,0.2701,0.024806649635594546,0
16.458333333333332,0.0,19.880123818191123,1.0,136.20046003218886,15.0,30.0,1.0,0.0,0.0,0.0,0,0,0.0,0.0,-1.7259808266484857e-12,0.27441,0.024806649635594546,0
16.5,0.0,19.995708396932628,1.6000000000000227,118.90281250000001,15.0,30.0,1.0,0.0,0.0,0.0,0,0,0.0,0.0,-1.7259808266484857e-12,0.26597,0.024806649635594546,0
16.541666666666668,0.0,19.65720700147972,2.1000000000000227,0.0,15.0,30.0,1.0,0.0,0.0,0.0,0,0,0.0,0.0,-1.7259808266484857e-12,0.25961,0.024806649635594546,0
16.583333333333332,0.7587751434078527,19.850355889529567,2.3000000000000114,0.0,15.0,30.0,3.5114130857036976,2584.2857453606844,20.498644281163177,510.20408163265313,0,0,-6490.209038091092,8668.535277964325,9074.494783457041,0.25627,0.028927413686830765,0
16.625,0.9775722692967364,20.315062322263998,1.8999999999999773,0.0,15.0,30.0,3.4779016037751247,3080.3425188482365,20.498644281163177,510.20408163265313,0,0,-7632.785667545198,10337.330901327829,10713.128186478989,0.25693,0.03372404922002336,0
16.666666666666668,1.0,20.807373895760634,2.0,0.0,15.0,30.0,3.3986547923811194,3177.3122145792377,20.498644281163177,510.20408163265313,0,0,-7621.275170427907,10519.763980522894,10798.587384970793,0.25775,0.03866821304543455,0
16.708333333333332,0.0,20.82822554250646,1.8999999999999773,0.0,15.0,30.0,1.0,0.0,0.0,0.0,0,0,0.0,0.0,-1.7290088631864655e-12,0.25932,0.038689080302457525,0
16.75,0.573215253992231,20.69551870400045,2.1999999999999886,0.0,15.0,30.0,3.1885857512128744,2246.2842390743285,20.498644281163177,510.20408163265313,0,0,-4916.185678877798,7037.2107832886395,7162.469917886458,0.27572,0.042651263391849104,0
16.791666666666668,1.0,20.928134724617166,2.3999999999999773,0.0,15.0,30.0,3.4183685732786318,3196.9354099853917,20.498644281163177,510.20408163265313,0,0,-7731.368126268455,10621.499356001934,10928.303536295702,0.25844,0.04762049361244481,0
16.833333333333332,1.0,21.294214292242373,2.1000000000000227,0.0,21.0,24.0,3.3256358625164664,3224.4089517673447,20.498644281163177,510.20408163265313,0,0,-7498.801093615943,10538.79444815907,10723.210045416608,0.26073,0.05270521574303516,0
16.875,0.8498249071993413,21.59372533820465,1.1000000000000227,0.0,21.0,24.0,3.1711183595197197,2875.7639047967687,20.498644281163177,510.20408163265313,5,219,-6243.6238113486515,9086.638783948509,9119.387716145153,0.25326,0.05721442085625567,0
16.916666666666668,0.19982043074613642,21.49100747932721,0.8000000000000114,0.0,21.0,24.0,2.143736211174675,1490.2036989420014,20.498644281163177,510.20408163265313,5,219,-1704.3999324879696,3543.008111267248,3194.603631448412,0.25106,0.05987323564578907,0
16.958333333333332,0.8720992484200494,21.45836957133804,0.5,0.0,21.0,24.0,3.181231699473099,2883.5409421571067,20.498644281163177,510.20408163265313,5,219,-6289.670909736526,9024.420292994018,9173.211851918713,0.2474,0.06425000255197871,0
17.0,0.5088507115477583,21.47587618843511,0.5,0.0,21.0,24.0,2.8791798484965345,2115.6896928259607,20.498644281163177,510.20408163265313,5,219,-3975.761436444879,6205.615472755559,6091.451129256329,0.25371,0.0677575215574771,0
17.041666666666668,0.44919632994756853,21.426207027141118,1.1000000000000227,0.0,21.0,24.0,2.844154877029996,1996.2745454648766,20.498644281163177,510.20408163265313,5,219,-3681.4394389587087,5776.490727657219,5677.713984374767,0.265,0.071243911418912,0
17.083333333333332,0.5587343554748827,21.40662200634904,1.1000000000000227,0.0,21.0,24.0,3.012638082192627,2221.9363145728735,20.498644281163177,510.20408163265313,5,219,-4471.95364299658,6703.63857954596,6693.889957488975,0.26047,0.07497532761549526,0
17.125,0.5984185508777955,21.452195239489754,1.1999999999999886,0.0,21.0,24.0,3.06205182861217,2308.6260970322724,20.498644281163177,510.20408163265313,5,219,-4760.506664969629,7058.895479783475,7069.132761999446,0.25349,0.07871991107062525,0
17.166666666666668,0.4768673780985324,21.48764861822434,1.8000000000000114,0.0,21.0,24.0,2.9444727849358685,2063.493329005876,20.498644281163177,510.20408163265313,5,219,-4012.4066202222584,6133.097373260279,6075.899949154518,0.25187,0.08212039095046618,0
17.208333333333332,0.39517248323152643,21.459950477224936,1.8999999999999773,0.0,21.0,24.0,2.8073468760764158,1891.731640455986,20.498644281163177,510.20408163265313,5,219,-3419.015270695087,5401.985217149962,5310.746911209026,0.24807,0.08525363632940487,0
17.25,0.8224947967229781,21.58482243774563,2.1000000000000227,0.0,21.0,24.0,3.2961413233287096,2815.0843452084064,20.498644281163177,510.20408163265313,5,219,-6463.831493720464,9088.266256275538,9278.91583889717,0.25263,0.08962672024602505,0
17.291666666666668,0.166839182475222,21.558754734005902,2.3000000000000114,0.0,15.0,30.0,2.0865179150167403,1429.2369314012067,20.498644281163177,510.20408163265313,5,219,-1552.8915307043092,3270.3388820928176,2982.1284621721697,0.26084,0.09230246916014773,0
17.333333333333332,0.0,21.12495665599681,2.3999999999999773,0.0,15.0,30.0,1.0,0.0,0.0,0.0,5,219,0.0,0.0,-1.7290088631864655e-12,0.27308,0.09231408419378043,0
17.375,0.0,20.684302929955606,2.6999999999999886,0.0,15.0,30.0,1.0,0.0,0.0,0.0,0,0,0.0,0.0,-1.7290088631864655e-12,0.27686,0.09231408419378043,0
17.416666666666668,0.0,20.320615238507344,3.6000000000000227,0.0,15.0,30.0,1.0,0.0,0.0,0.0,0,0,0.0,0.0,-1.7290088631864655e-12,0.27478,0.09231408419378043,0
17.458333333333332,0.0,20.01267199263748,4.100000000000023,0.0,15.0,30.0,1.0,0.0,0.0,0.0,0,0,0.0,0.0,-1.7290088631864655e-12,0.273,0.09231408419378043,0
17.5,0.0,19.798218724587798,5.100000000000023,0.0,15.0,30.0,1.0,0.0,0.0,0.0,0,0,0.0,0.0,-1.7290088631864655e-12,0.27232,0.09231408419378043,0
17.541666666666668,0.0,19.616609194451485,5.699999999999989,0.0,15.0,30.0,1.0,0.0,0.0,0.0,0,0,0.0,0.0,-1.7290088631864655e-12,0.26943,0.09231408419378043,0
17.583333333333332,0.0,19.465868733056936,6.300000000000011,0.0,15.0,30.0,1.0,0.0,0.0,0.0,0,0,0.0,0.0,-1.7290088631864655e-12,0.26783,0.09231408419378043,0
17.625,0.4642770286794047,19.731979455934948,7.199999999999989,0.0,15.0,30.0,3.5259120444853447,2064.246301232813,20.498644281163177,510.20408163265313,0,0,-5214.104595071379,6936.700184012213,7278.350896301098,0.26744,0.0958946472103168,0
17.666666666666668,0.6323092811109206,20.205913955370022,8.0,0.0,15.0,30.0,3.7709801449558125,2479.251276428187,20.498644281163177,510.20408163265313,0,0,-6869.956061308031,8967.634704154072,9349.207337767048,0.26814,0.10005557388006725,0
17.708333333333332,0.3379455019282034,20.58528058677632,8.899999999999977,0.0,15.0,30.0,3.194870760017051,1844.4831995054012,20.498644281163177,510.20408163265313,0,0,-4048.4022419869625,5838.19816602353,5892.885441442503,0.269,0.10337754223569715,0
17.75,0.34477593981952026,20.782296911752837,9.300000000000011,0.0,15.0,30.0,3.228420278652805,1869.7406194354683,20.498644281163177,510.20408163265313,0,0,-4166.567912224429,5972.2101872593985,6036.3085316063225,0.27504,0.10680998616010105,0
17.791666666666668,0.7979905924422965,21.184550384119007,9.399999999999977,0.0,15.0,30.0,3.8567998744568586,2970.0896653953832,20.498644281163177,510.20408163265313,0,0,-8484.951783191864,11057.624108223019,11455.041448622527,0.27613,0.11179291129374042,0
17.833333333333332,0.7865038644875426,21.727741301058813,9.800000000000011,0.0,21.0,24.0,3.7860295791503877,2994.3094832958523,20.498644281163177,510.20408163265313,0,0,-8342.234789582271,11063.47387198649,11336.54427288861,0.27246,0.11675902903263478,0
17.875,0.0,21.767693790189583,9.800000000000011,0.0,21.0,24.0,1.0,0.0,0.0,0.0,5,219,0.0,0.0,-1.7290088631864655e-12,0.26183,0.11677905843118296,0
17.916666666666668,0.0,21.374852623198308,9.5,0.0,21.0,24.0,1.0,0.0,0.0,0.0,5,219,0.0,0.0,-1.7290088631864655e-12,0.25819,0.11677905843118296,0
17.958333333333332,0.3703279682481124,21.39316049614564,9.699999999999989,0.0,21.0,24.0,3.3152965277260766,1939.0983115802692,20.498644281163177,510.20408163265313,5,219,-4489.58758774126,6300.186181662501,6428.685899301564,0.2567,0.1200658922640146,0
18.0,0.3334603344616127,21.547205843808797,9.600000000000023,0.0,21.0,24.0,3.1794466942743393,1856.5329325120028,20.498644281163177,510.20408163265313,5,219,-4046.2145626396464,5854.657523228879,5902.747495086733,0.25316,0.12321342806698464,0
18.041666666666668,0.0007513620570804846,21.395418761175733,9.399999999999977,0.0,21.0,24.0,1.0,0.0,0.0,0.0,5,219,0.0,0.0,-1.7290088631864655e-12,0.25936,0.12322686456732518,0
18.083333333333332,0.3354954346168171,21.373860253221892,9.399999999999977,0.0,21.0,24.0,3.205153097059587,1850.0574410842412,20.498644281163177,510.20408163265313,5,219,-4079.659895961094,5794.799710871698,5929.71733702929,0.25822,0.12641117286651946,0
18.125,0.3725164941860868,21.55008443646102,9.699999999999989,0.0,21.0,24.0,3.311226150005196,1946.8802460919733,20.498644281163177,510.20408163265313,5,219,-4499.680535680029,6332.691268367739,6446.560781788293,0.25528,0.12969670155711155,0
18.166666666666668,0.0,21.441848067030662,9.699999999999989,0.0,21.0,24.0,1.0,0.0,0.0,0.0,5,219,0.0,0.0,-1.7290088631864655e-12,0.25588,0.12971045946592333,0
18.208333333333332,0.22257937645519377,21.386943306478088,9.699999999999989,0.0,21.0,24.0,2.777857144178217,1594.1258343600255,20.498644281163177,510.20408163265313,5,219,-2834.1280032706904,4383.110251612125,4428.253837696057,0.25422,0.1325119572880103,0
18.25,0.3471714313025984,21.498960549502726,9.600000000000023,0.0,21.0,24.0,3.246399765991366,1882.1970630658263,20.498644281163177,510.20408163265313,5,219,-4228.167042080265,5983.816661541372,6110.364105086535,0.25431,0.13570193103692244,0
18.291666666666668,0.09311851582018704,21.532926505095418,9.800000000000011,0.0,21.0,24.0,1.942721096019538,1303.9567176272615,20.498644281163177,510.20408163265313,5,219,-1229.2675060605104,2683.286497184364,2533.2242236308725,0.25439,0.13813693871191932,0
18.333333333333332,0.028734656461551822,21.403373628882832,9.5,0.0,21.0,24.0,1.3325715447419688,1158.2820092894192,20.498644281163177,510.20408163265313,5,219,-385.21163700383823,1708.6562948687001,1543.493646365633,0.25781,0.14040646741955648,0
18.375,0.31795214459005194,21.412749138239235,9.399999999999977,0.0,21.0,24.0,3.15682838387081,1807.4282359398467,20.498644281163177,510.20408163265313,5,219,-3898.312521116907,5559.028074064484,5705.740757024456,0.26152,0.14358198890830604,0
18.416666666666668,0.29727583847861183,21.54382624553989,9.399999999999977,0.0,21.0,24.0,3.0635227701399494,1764.8408302904477,20.498644281163177,510.20408163265313,5,219,-3641.7892389346866,5339.567802649677,5406.63006926748,0.26376,0.14673299501505388,0
18.458333333333332,0.0011891973358046926,21.443858576526793,9.600000000000023,0.0,21.0,24.0,1.0,0.0,0.0,0.0,5,219,0.0,0.0,-1.7320368997244452e-12,0.26249,0.14674607135424908,0
18.5,0.21113012230902228,21.440768430847527,9.899999999999977,0.0,21.0,24.0,2.7372123660829364,1568.5224964316121,20.498644281163177,510.20408163265313,5,219,-2724.8566772488334,4227.303196635937,4293.379173711887,0.25733,0.1495449896078175,0
18.541666666666668,0.20040655549701825,21.562786654985814,10.399999999999977,0.0,21.0,24.0,2.6986044440015338,1550.4134673652043,20.498644281163177,510.20408163265313,5,219,-2633.5392057468425,4151.850711104093,4183.952673071567,0.25526,0.1523079451981874,0
18.583333333333332,0.0,21.4861798557248,10.600000000000023,0.0,21.0,24.0,1.0,0.0,0.0,0.0,5,219,0.0,0.0,-1.7290088631864655e-12,0.25569,0.15231949296349026,0
18.625,0.09675065536713845,21.419777733184162,10.5,0.0,21.0,24.0,2.0131327708506395,1311.9983455534446,20.498644281163177,510.20408163265313,5,219,-1329.2285192245804,2651.217744505755,2641.226864735461,0.25928,0.1547981741692226,0
18.666666666666668,0.2502061357039622,21.490895094835537,10.300000000000011,0.0,21.0,24.0,2.954672585153708,1660.963778167345,20.498644281163177,510.20408163265313,5,219,-3246.640362107723,4780.183441322733,4907.604140284379,0.25916,0.15775210750436894,0
18.708333333333332,0.09336726077522428,21.538675186981607,10.300000000000011,0.0,21.0,24.0,1.9704328642423676,1304.8602163940852,20.498644281163177,510.20408163265313,5,219,-1266.2792371921687,2644.1094975616124,2571.139453625313,0.26293,0.16026856206002837,0
18.75,0.0,21.356424944555556,10.399999999999977,0.0,21.0,24.0,1.0,0.0,0.0,0.0,5,219,0.0,0.0,-1.7320368997244452e-12,0.26715,0.1602792037925009,0
18.791666666666668,0.3899213875269538,21.410245492068782,10.300000000000011,0.0,21.0,24.0,3.4545539315302345,1983.2685550524425,20.498644281163177,510.20408163265313,5,219,-4868.0396291385605,6578.560950275682,6851.308184136702,0.26891,0.16377537088040434,0
18.833333333333332,0.30279726165117893,21.571020948256773,9.399999999999977,0.0,21.0,24.0,3.089262155194427,1776.6029901773036,20.498644281163177,510.20408163265313,5,219,-3711.7893921376576,5411.981500852387,5488.39238236,0.26479,0.16696475443945374,0
18.875,0.0,21.40265028488477,8.300000000000011,0.0,21.0,24.0,1.0,0.0,0.0,0.0,5,219,0.0,0.0,-1.7320368997244452e-12,0.26204,0.16697787524834107,0
18.916666666666668,0.40723951501150424,21.363250535294583,6.899999999999977,0.0,21.0,24.0,3.255384515892564,1969.040105196834,20.498644281163177,510.20408163265313,5,219,-4440.94256450742,6223.3115306669515,6409.982669629239,0.25984,0.17035434911796915,0
18.958333333333332,0.5011452356888668,21.54917722909886,6.699999999999989,0.0,21.0,24.0,3.39330013524367,2185.556615540474,20.498644281163177,510.20408163265313,5,219,-5230.69294363422,7236.012773274615,7416.249559096188,0.26008,0.17402233562196245,0
19.0,0.0840959036112423,21.57924238165714,6.899999999999977,0.0,21.0,24.0,1.7772056225356037,1273.8957816939053,20.498644281163177,510.20408163265313,5,219,-990.0789639998954,2474.5620291400865,2263.9747457507965,0.25796,0.17645353357971108,0
19.041666666666668,0.024807005604522203,21.389168017896054,6.699999999999989,0.0,21.0,24.0,1.2595961865126741,1146.7295913658038,20.498644281163177,510.20408163265313,5,219,-297.686628950453,1637.0425738841625,1444.4162202456037,0.25849,0.17871305465498766,0
19.083333333333332,0.45451109903543596,21.389784347841783,6.399999999999977,0.0,21.0,24.0,3.313483781305277,2067.8114292601904,20.498644281163177,510.20408163265313,5,219,-4783.848204327313,6649.544283504772,6851.659633651325,0.25625,0.18216718579256044,0
19.125,0.4777056737164145,21.53937841635684,5.699999999999989,0.0,21.0,24.0,3.273404425535461,2116.9592164209726,20.498644281163177,510.20408163265313,5,219,-4812.704451267614,6809.957986211843,6929.663667710493,0.25537,0.18568965891374198,0
19.166666666666668,0.15481334238757682,21.53822080849909,5.5,0.0,21.0,24.0,2.187985383932559,1418.0264658033084,20.498644281163177,510.20408163265313,5,219,-1684.5947154436178,3267.6011824569223,3102.621181207181,0.25211,0.18825558423554245,0
19.208333333333332,0.16087396182258118,21.425268440541004,5.399999999999977,0.0,21.0,24.0,2.2266972719784173,1428.0201642222614,20.498644281163177,510.20408163265313,5,219,-1751.748439803119,3285.5187881854717,3179.768604003881,0.2507,0.19081479668712295,0
19.25,0.4240045290602765,21.424536122256427,5.0,0.0,21.0,24.0,3.134287385124453,1982.8325745416391,20.498644281163177,510.20408163265313,5,219,-4231.934550666584,6105.617504393726,6214.767125199701,0.25076,0.19409201768500103,0
19.291666666666668,0.43614260626557666,21.513035216098842,4.699999999999989,0.0,21.0,24.0,3.11962474826715,2009.957364274629,20.498644281163177,510.20408163265313,5,219,-4260.355372212492,6207.053443113121,6270.3127365529435,0.24968,0.19739529848200507,0
19.333333333333332,0.25149393602507075,21.509551002708804,4.399999999999977,0.0,21.0,24.0,2.5766909535411737,1613.5042873228786,20.498644281163177,510.20408163265313,5,219,-2543.9976132540537,4254.626224543503,4157.50190064476,0.25125,0.20020755222524295,0
19.375,0.0427801155447014,21.330924629043352,4.199999999999989,0.0,21.0,24.0,1.3877789276109602,1180.7999105041679,20.498644281163177,510.20408163265313,5,219,-457.88932297158624,1872.2392493878708,1638.6892335225918,0.25289,0.20246551898722412,0
19.416666666666668,0.15880681249465312,21.15807406573697,3.8999999999999773,46.892857142857146,21.0,24.0,2.1604373432918837,1412.1127798604687,20.498644281163177,510.20408163265313,5,219,-1638.6684026405019,3125.5377436007693,3050.7811825502677,0.2583,0.2050796868921212,0
19.458333333333332,0.021657932220009002,21.28942228304004,4.300000000000011,242.66816647919006,21.0,24.0,1.2082500461062273,1137.8099399470311,20.498644281163177,510.20408163265313,5,219,-236.9489724523312,1487.3183560267878,1374.758912401124,0.25915,0.2073332544343358,0
19.5,0.0,21.73705569723745,5.100000000000023,452.18596432976,21.0,24.0,1.0,0.0,0.0,0.0,5,219,0.0,0.0,-1.7290088631864655e-12,0.25872,0.2073426224452354,0
19.541666666666668,0.0,22.415507066372243,6.199999999999989,591.7383061658398,21.0,24.0,1.0,0.0,0.0,0.0,5,219,0.0,0.0,-1.7290088631864655e-12,0.25801,0.2073426224452354,0
19.583333333333332,0.0,22.938352821254114,6.899999999999977,554.5617647058824,21.0,24.0,1.0,0.0,0.0,0.0,5,219,0.0,0.0,-1.7290088631864655e-12,0.25582,0.2073426224452354,0
19.625,0.0,23.20408972626592,7.5,452.36775599128543,21.0,24.0,1.0,0.0,0.0,0.0,5,219,0.0,0.0,-1.7290088631864655e-12,0.25623,0.2073426224452354,0
19.666666666666668,0.0,23.192705144191336,7.399999999999977,312.73697089947086,21.0,24.0,1.0,0.0,0.0,0.0,5,219,0.0,0.0,-1.7290088631864655e-12,0.25539,0.2073426224452354,0
19.708333333333332,0.0,23.04094188285262,7.600000000000023,130.588905775076,21.0,24.0,1.0,0.0,0.0,0.0,5,219,0.0,0.0,-1.7290088631864655e-12,0.25802,0.2073426224452354,0
19.75,0.0,22.51781781593229,7.399999999999977,5.259308510638299,21.0,24.0,1.0,0.0,0.0,0.0,5,219,0.0,0.0,-1.7290088631864655e-12,0.26668,0.2073426224452354,0
19.791666666666668,0.0,22.075626538521817,7.100000000000023,0.0,21.0,24.0,1.0,0.0,0.0,0.0,5,219,0.0,0.0,-1.7290088631864655e-12,0.26943,0.2073426224452354,0
19.833333333333332,0.0,21.74269101194551,7.0,0.0,21.0,24.0,1.0,0.0,0.0,0.0,5,219,0.0,0.0,-1.7290088631864655e-12,0.26995,0.2073426224452354,0
19.875,0.0,21.455924427515527,6.800000000000011,0.0,21.0,24.0,1.0,0.0,0.0,0.0,5,219,0.0,0.0,-1.7290088631864655e-12,0.26906,0.2073426224452354,0
19.916666666666668,0.27922817668111577,21.445433261686617,7.199999999999989,0.0,21.0,24.0,2.922732046775776,1683.1026264985294,20.498644281163177,510.20408163265313,5,219,-3236.155358010584,4716.533263745229,4919.257984479731,0.26229,0.21034555520545625,0
19.958333333333332,0.3128879559562492,21.569407843352565,6.899999999999977,0.0,21.0,24.0,2.9986321972879417,1758.861118970299,20.498644281163177,510.20408163265313,5,219,-3515.316462942496,5129.682206940551,5274.177581902236,0.26307,0.21347936159601816,0
20.0,0.05000331817429782,21.547189660454933,6.600000000000023,0.0,21.0,24.0,1.4976022228427173,1198.8376284020296,20.498644281163177,510.20408163265313,5,219,-596.5442687543595,1925.4763668522514,1795.3818971223711,0.25913,0.21581769162163617,0
20.041666666666668,0.10601762208645482,21.444649673163553,6.399999999999977,0.0,21.0,24.0,1.9426100968370381,1314.48934698542,20.498644281163177,510.20408163265313,5,219,-1239.0509306761528,2594.615815915198,2553.5402776386018,0.25554,0.21827353565117122,0
20.083333333333332,0.34969290179948587,21.459754472856048,5.899999999999977,0.0,21.0,24.0,3.0437756189752787,1826.631895239092,20.498644281163177,510.20408163265313,5,219,-3733.22573239517,5410.523670622571,5559.857627571354,0.25302,0.22137489891775985,0
20.125,0.33391991735681614,21.53793954570301,5.399999999999977,0.0,21.0,24.0,2.944008936735701,1791.8137138288303,20.498644281163177,510.20408163265313,5,219,-3483.30187263907,5206.635789799847,5275.115586477663,0.2521,0.22442585791522912,0
20.166666666666668,0.1720173025288858,21.51696646707512,5.100000000000023,0.0,21.0,24.0,2.276674531593063,1448.4833195707095,20.498644281163177,510.20408163265313,5,219,-1849.2417635556558,3382.1572862335543,3297.7250831040105,0.25131,0.2270207547768776,0
20.208333333333332,0.7771901736231897,21.693661761957628,4.699999999999989,0.0,21.0,24.0,3.532521129024542,2761.6530308101283,20.498644281163177,510.20408163265313,5,219,-6993.944651484441,9405.174424532284,9755.597682371443,0.25114,0.2312927601902964,0
20.25,0.08233683400536052,21.748244983800646,4.899999999999977,0.0,21.0,24.0,1.7015194507078792,1264.7744163193327,20.498644281163177,510.20408163265313,5,219,-887.2638537439692,2414.903409660723,2152.0382701250496,0.25323,0.23367140371908882,0
20.291666666666668,0.0,21.4953240234845,5.5,0.0,15.0,30.0,1.0,0.0,0.0,0.0,5,219,0.0,0.0,-1.7259808266484857e-12,0.26716,0.23368181344254937,0
20.333333333333332,0.0,21.09153662514302,5.800000000000011,0.0,15.0,30.0,1.0,0.0,0.0,0.0,5,219,0.0,0.0,-1.7259808266484857e-12,0.27962,0.23368181344254937,0
20.375,0.0,20.775782754538398,6.0,0.0,15.0,30.0,1.0,0.0,0.0,0.0,0,0,0.0,0.0,-1.7259808266484857e-12,0.28806,0.23368181344254937,0
20.416666666666668,0.0,20.47300987422318,5.600000000000023,0.0,15.0,30.0,1.0,0.0,0.0,0.0,0,0,0.0,0.0,-1.7259808266484857e-12,0.28601,0.23368181344254937,0
20.458333333333332,0.0,20.246486044550124,6.100000000000023,0.0,15.0,30.0,1.0,0.0,0.0,0.0,0,0,0.0,0.0,-1.7259808266484857e-12,0.28004,0.23368181344254937,0
20.5,0.0,20.11744668334984,6.800000000000011,15.5,15.0,30.0,1.0,0.0,0.0,0.0,0,0,0.0,0.0,-1.7259808266484857e-12,0.27854,0.23368181344254937,0
20.541666666666668,0.0,20.091648109246023,7.199999999999989,15.5,15.0,30.0,1.0,0.0,0.0,0.0,0,0,0.0,0.0,-1.7259808266484857e-12,0.27479,0.23368181344254937,0
20.583333333333332,0.0,19.873006092167884,6.699999999999989,0.0,15.0,30.0,1.0,0.0,0.0,0.0,0,0,0.0,0.0,-1.7259808266484857e-12,0.27156,0.23368181344254937,0
20.625,0.0,19.68590306006456,6.5,0.0,15.0,30.0,1.0,0.0,0.0,0.0,0,0,0.0,0.0,-1.7259808266484857e-12,0.27203,0.23368181344254937,0
20.666666666666668,1.0,20.15384169187854,7.300000000000011,0.0,15.0,30.0,3.9900701647910903,3278.5668482283663,20.498644281163177,510.20408163265313,0,0,-9803.144916086938,12346.96571022435,13081.711764389163,0.27649,0.23905242489986536,0
20.708333333333332,0.7672225810330033,20.806411056112495,7.100000000000023,0.0,15.0,30.0,3.7347414743858462,2797.6041071277823,20.498644281163177,510.20408163265313,0,0,-7650.723980756734,10116.933880318391,10448.328087802312,0.28108,0.24390482531356283,0
20.75,0.07808737368573304,20.94927213164209,7.0,0.0,15.0,30.0,1.7347150961780233,1261.0083136244784,20.498644281163177,510.20408163265313,0,0,-926.4818443471306,2467.6976415745266,2187.4901580503742,0.28835,0.24660833676327026,0
20.791666666666668,0.5738789827621531,21.070559168878674,7.399999999999977,0.0,15.0,30.0,3.5573742968219517,2364.524678759299,20.498644281163177,510.20408163265313,0,0,-6046.974637574411,8175.19412578829,8411.499316419513,0.2885,0.2509242841003377,0
20.833333333333332,1.0,21.551825889643965,7.399999999999977,0.0,21.0,24.0,3.7268541315759203,3415.8553200883443,20.498644281163177,510.20408163265313,0,0,-9314.539192481769,12305.493955970716,12730.394512536834,0.28142,0.2566430266525908,0
20.875,0.06071624423950084,21.764874414082215,7.399999999999977,0.0,21.0,24.0,1.585757795272051,1227.8925485225614,20.498644281163177,510.20408163265313,5,219,-719.2476320176813,2341.461173779921,1947.1401805761168,0.27721,0.2591980334960534,0
20.916666666666668,0.0,21.419171478636258,7.100000000000023,0.0,21.0,24.0,1.0,0.0,0.0,0.0,5,219,0.0,0.0,-1.7290088631864655e-12,0.2688,0.2592082919766944,0
20.958333333333332,0.37080445358213154,21.30368137922204,6.899999999999977,0.0,21.0,24.0,3.138097058110203,1894.9377920111822,20.498644281163177,510.20408163265313,5,219,-4051.5609184065174,5842.0802793284265,5946.498710412135,0.25443,0.2624076288121894,0
21.0,0.6360239284062246,21.499264258713197,6.600000000000023,0.0,21.0,24.0,3.5414203674342652,2498.962097701581,20.498644281163177,510.20408163265313,5,219,-6350.913172479154,8614.283202520835,8849.875270246635,0.25307,0.2663834839888561,0
21.041666666666668,0.20469467121177587,21.58935008771533,6.600000000000023,0.0,21.0,24.0,2.4843879458796634,1535.739273293221,20.498644281163177,510.20408163265313,5,219,-2279.6328653419705,3981.875133518627,3815.3721385836725,0.2501,0.2690844876604382,0
21.083333333333332,0.01303900442554351,21.40903081399091,6.399999999999977,0.0,21.0,24.0,1.137063252050999,1122.1548802248906,20.498644281163177,510.20408163265313,5,219,-153.80619715706732,1547.1279684991966,1275.9610774134132,0.25676,0.2712975579103688,0
21.125,0.4387681107541539,21.34305342917878,5.600000000000023,0.0,21.0,24.0,3.2097741432545583,2024.0662662020568,20.498644281163177,510.20408163265313,5,219,-4472.729299274997,6359.220543654171,6496.795565489159,0.25668,0.2747075269819793,0
21.166666666666668,0.5807638375361037,21.521330736320806,5.699999999999989,0.0,21.0,24.0,3.414413069352883,2351.527413104671,20.498644281163177,510.20408163265313,5,219,-5677.558519103499,7854.083553990175,8029.085932246164,0.25272,0.2784852066454335,0
21.208333333333332,0.2121532730050788,21.54636257013533,5.0,0.0,21.0,24.0,2.439064644359195,1538.0087273453837,20.498644281163177,510.20408163265313,5,219,-2213.2939822918656,3913.489190187219,3751.3027095840066,0.2521,0.28121338015182373,0
21.25,0.4180248163844027,21.55734784843594,5.199999999999989,0.0,21.0,24.0,3.106225665874389,1981.5140272350432,20.498644281163177,510.20408163265313,5,219,-4173.515701479224,6102.807396991968,6155.029728687615,0.25464,0.2845373130497882,0
21.291666666666668,0.13623051846567336,21.48270685798343,4.899999999999977,0.0,15.0,30.0,2.0551244537697837,1376.1352121675718,20.498644281163177,510.20408163265313,5,219,-1451.9939141184088,3021.283762094859,2828.1291262192462,0.26357,0.2871627781151254,0
21.333333333333332,0.0,21.080310520026387,4.399999999999977,0.0,15.0,30.0,1.0,0.0,0.0,0.0,5,219,0.0,0.0,-1.7290088631864655e-12,0.27594,0.2871741968061318,0
21.375,0.0,20.6324166268995,3.5,0.0,15.0,30.0,1.0,0.0,0.0,0.0,0,0,0.0,0.0,-1.7290088631864655e-12,0.28358,0.2871741968061318,0
21.416666666666668,0.0,20.250080100105947,3.3000000000000114,20.063164893617017,15.0,30.0,1.0,0.0,0.0,0.0,0,0,0.0,0.0,-1.7290088631864655e-12,0.2801,0.2871741968061318,0
21.458333333333332,0.0,20.151177512362324,3.8999999999999773,171.6404065349544,15.0,30.0,1.0,0.0,0.0,0.0,0,0,0.0,0.0,-1.7290088631864655e-12,0.27904,0.2871741968061318,0
21.5,0.0,20.49025023131219,4.699999999999989,343.5914285714286,15.0,30.0,1.0,0.0,0.0,0.0,0,0,0.0,0.0,-1.7290088631864655e-12,0.2803,0.2871741968061318,0
21.541666666666668,0.0,20.900270098705846,5.399999999999977,356.3787152034261,15.0,30.0,1.0,0.0,0.0,0.0,0,0,0.0,0.0,-1.7290088631864655e-12,0.27887,0.2871741968061318,0
21.583333333333332,0.0,21.02026015731076,6.399999999999977,125.32628479657387,15.0,30.0,1.0,0.0,0.0,0.0,0,0,0.0,0.0,-1.7290088631864655e-12,0.28258,0.2871741968061318,0
21.625,0.0,20.61234737125187,6.399999999999977,0.0,15.0,30.0,1.0,0.0,0.0,0.0,0,0,0.0,0.0,-1.7290088631864655e-12,0.29016,0.2871741968061318,0
21.666666666666668,0.0,20.296724892862755,6.800000000000011,0.0,15.0,30.0,1.0,0.0,0.0,0.0,0,0,0.0,0.0,-1.7290088631864655e-12,0.2885,0.2871741968061318,0
21.708333333333332,0.569722121854646,20.463387624880056,6.899999999999977,0.0,15.0,30.0,3.6403923399232005,2303.000679003794,20.498644281163177,510.20408163265313,0,0,-6080.825351731154,7988.417698421418,8383.826030683342,0.28791,0.2913854069148766,0
21.75,1.0,20.92291291996912,5.800000000000011,0.0,15.0,30.0,3.7314942031080087,3292.499757069849,20.498644281163177,510.20408163265313,0,0,-8993.444000153408,11793.195785738408,12285.943757240668,0.28703,0.297059386366538,0
21.791666666666668,0.7560864169947479,21.39952699795822,5.800000000000011,0.0,15.0,30.0,3.543584980826848,2769.411824803389,20.498644281163177,510.20408163265313,0,0,-7044.234323271841,9621.914162079356,9813.646148097563,0.29668,0.3021446865741163,0
21.833333333333332,0.4632350640249925,21.624371784120967,5.5,0.0,21.0,24.0,3.167362946946063,2101.6762989813005,20.498644281163177,510.20408163265313,0,0,-4555.095336852257,6705.515878713412,6656.771635868107,0.2885,0.30611104197470607,0
21.875,0.0,21.468260159618296,5.699999999999989,0.0,21.0,24.0,1.0,0.0,0.0,0.0,5,219,0.0,0.0,-1.7290088631864655e-12,0.27993,0.30612703334731767,0
21.916666666666668,0.29060807729450744,21.352395743547902,6.100000000000023,0.0,21.0,24.0,2.8300763257428634,1711.3749292128819,20.498644281163177,510.20408163265313,5,219,-3131.9467424158775,4844.570732909062,4843.321671635245,0.26879,0.3092511871399318,0
21.958333333333332,0.5215761957417016,21.498512492435452,6.800000000000011,0.0,21.0,24.0,3.4157884456965237,2239.229058013947,20.498644281163177,510.20408163265313,5,219,-5409.503685694464,7476.124851782936,7648.732743631951,0.26883,0.3131045123358866,0
22.0,0.18179878142918682,21.57560051521915,7.300000000000011,0.0,21.0,24.0,2.4108737666195452,1489.5586877426258,20.498644281163177,510.20408163265313,5,219,-2101.5792763483123,3741.976339270963,3591.1379641189314,0.26497,0.3158973229541118,0
22.041666666666668,0.0,21.36511084855863,7.899999999999977,0.0,21.0,24.0,1.0,0.0,0.0,0.0,5,219,0.0,0.0,-1.7290088631864655e-12,0.26151,0.3159087882098614,0
22.083333333333332,0.4374119322164347,21.39860800038099,8.399999999999977,0.0,21.0,24.0,3.4100610762223003,2067.12348066208,20.498644281163177,510.20408163265313,5,219,-4981.893840504406,6831.830692397925,7049.01732115092,0.25804,0.31937031299567264,0
22.125,0.3565235222430516,21.583923019857593,8.600000000000023,0.0,21.0,24.0,3.189370054409569,1893.6578176179737,20.498644281163177,510.20408163265313,5,219,-4145.917719263632,5971.778955496928,6039.575536809342,0.25696,0.32261121002784854,0
22.166666666666668,0.0,21.45696590909961,8.699999999999989,0.0,21.0,24.0,1.0,0.0,0.0,0.0,5,219,0.0,0.0,-1.7320368997244452e-12,0.25119,0.32262442564443083,0
22.208333333333332,0.5431153800388628,21.543358085735406,8.600000000000023,0.0,21.0,24.0,3.604320415268885,2319.6209963945403,20.498644281163177,510.20408163265313,5,219,-6041.036316607029,8066.255303612465,8360.657312991194,0.25102,0.32632156356445086,0
22.25,0.20538781334128942,21.66111289456694,8.300000000000011,0.0,21.0,24.0,2.588195978414686,1548.9361761762766,20.498644281163177,510.20408163265313,5,219,-2460.014205775715,4104.780159198851,4008.9503820004606,0.25534,0.329096179161945,0
22.291666666666668,0.0,21.448467824090983,7.899999999999977,0.0,15.0,30.0,1.0,0.0,0.0,0.0,5,219,0.0,0.0,-1.7290088631864655e-12,0.26655,0.32910820885362935,0
22.333333333333332,0.0,21.01972842111593,7.300000000000011,0.0,15.0,30.0,1.0,0.0,0.0,0.0,5,219,0.0,0.0,-1.7290088631864655e-12,0.28299,0.32910820885362935,0
22.375,0.0,20.66206117130031,6.399999999999977,0.0,15.0,30.0,1.0,0.0,0.0,0.0,0,0,0.0,0.0,-1.7290088631864655e-12,0.29215,0.32910820885362935,0
22.416666666666668,0.0,20.317688936329603,5.899999999999977,0.0,15.0,30.0,1.0,0.0,0.0,0.0,0,0,0.0,0.0,-1.7290088631864655e-12,0.29365,0.32910820885362935,0
22.458333333333332,0.0,20.070270095919398,6.300000000000011,0.0,15.0,30.0,1.0,0.0,0.0,0.0,0,0,0.0,0.0,-1.7290088631864655e-12,0.29193,0.32910820885362935,0
22.5,0.0,19.920876363527213,6.699999999999989,0.0,15.0,30.0,1.0,0.0,0.0,0.0,0,0,0.0,0.0,-1.7290088631864655e-12,0.292,0.32910820885362935,0
22.541666666666668,0.0,19.85222358935846,7.399999999999977,16.028225806451612,15.0,30.0,1.0,0.0,0.0,0.0,0,0,0.0,0.0,-1.7290088631864655e-12,0.28496,0.32910820885362935,0
22.583333333333332,0.0,20.012519511302685,7.600000000000023,205.037158808933,15.0,30.0,1.0,0.0,0.0,0.0,0,0,0.0,0.0,-1.7290088631864655e-12,0.28399,0.32910820885362935,0
22.625,0.0,20.429268069892032,7.699999999999989,231.21983875231297,15.0,30.0,1.0,0.0,0.0,0.0,0,0,0.0,0.0,-1.7290088631864655e-12,0.28559,0.32910820885362935,0
22.666666666666668,0.0,20.35617862018728,7.800000000000011,49.7147766323024,15.0,30.0,1.0,0.0,0.0,0.0,0,0,0.0,0.0,-1.7290088631864655e-12,0.28687,0.32910820885362935,0
22.708333333333332,0.249881379855168,20.348686801917722,7.800000000000011,0.0,15.0,30.0,2.8688068475582127,1619.203257027141,20.498644281163177,510.20408163265313,0,0,-3025.9781342753013,4464.436722374323,4645.181391348023,0.28496,0.33228542777829984,0
22.75,1.0,20.73687775345877,7.600000000000023,0.0,15.0,30.0,3.9099874677573463,3339.1643389067294,20.498644281163177,510.20408163265313,0,0,-9716.926379003758,12417.161722298244,13056.090717907557,0.29001,0.33803823002970634,0
22.791666666666668,1.0,21.36111985022802,7.100000000000023,0.0,15.0,30.0,3.7244653975920134,3394.4505484819065,20.498644281163177,510.20408163265313,0,0,-9248.063063219866,12247.221751166206,12642.513611658092,0.29401,0.34401054040166695,0
22.833333333333332,0.5058441480346971,21.72578831748342,6.699999999999989,0.0,21.0,24.0,3.3035605393840832,2227.9724083071965,20.498644281163177,510.20408163265313,0,0,-5132.269322581759,7401.653699822146,7360.241730920176,0.29054,0.34820242094702886,0
22.875,0.0,21.58495300331515,6.600000000000023,0.0,21.0,24.0,1.0,0.0,0.0,0.0,5,219,0.0,0.0,-1.7259808266484857e-12,0.27856,0.3482190975347058,0
22.916666666666668,0.036766869630312726,21.275396302833542,6.0,0.0,21.0,24.0,1.3626907600446978,1171.2828937738354,20.498644281163177,510.20408163265313,5,219,-424.813483006936,1833.0816545329285,1596.0963767440207,0.26976,0.3506023200603184,0
22.958333333333332,0.7510177867375702,21.320881787566066,5.100000000000023,0.0,21.0,24.0,3.5527726050504898,2711.3496869377113,20.498644281163177,510.20408163265313,5,219,-6921.459203545058,9302.940984319228,9632.808890464523,0.27011,0.35513453572708464,0
23.0,0.6542139298311085,21.594253791558856,5.0,0.0,21.0,24.0,3.4079467691757293,2513.237020815859,20.498644281163177,510.20408163265313,5,219,-6051.74096442003,8424.973460546342,8564.977985262241,0.26703,0.35935887741640377,0
23.041666666666668,0.04782452094359968,21.56299925595704,5.100000000000023,0.0,21.0,24.0,1.4375036632117204,1194.1841148642366,20.498644281163177,510.20408163265313,5,219,-522.4599247434788,2057.324282702071,1716.644039666586,0.26397,0.36173951106925295,0
23.083333333333332,0.1342902278861331,21.332763174066145,4.600000000000023,0.0,21.0,24.0,2.0378889275725043,1369.2585586752962,20.498644281163177,510.20408163265313,5,219,-1421.1382971068392,2947.0784912328118,2790.396855708272,0.26068,0.36432145925761195,0
23.125,0.6630881371386934,21.352363917872367,4.0,0.0,21.0,24.0,3.395979153183345,2488.3269011687535,20.498644281163177,510.20408163265313,5,219,-5961.979381500844,8218.350876686905,8450.3062826744,0.25849,0.3683670507407183,0
23.166666666666668,0.6233692669420066,21.551900244845683,3.8999999999999773,0.0,21.0,24.0,3.305980582016396,2414.522654745002,20.498644281163177,510.20408163265313,5,219,-5567.842356725843,7868.851490273013,7982.365011425655,0.25667,0.3722968198813151,0
23.208333333333332,0.844047420395718,21.847346073645838,4.0,0.0,21.0,24.0,3.4226923914194964,2932.910149761343,20.498644281163177,510.20408163265313,5,219,-7105.53910452612,9821.895040823276,10038.449254305164,0.25695,0.37690455139808937,0
23.25,0.0,21.69147606776778,3.8999999999999773,0.0,21.0,24.0,1.0,0.0,0.0,0.0,5,219,0.0,0.0,-1.7259808266484857e-12,0.26153,0.3769242093711807,0
23.291666666666668,0.0,21.188360120161747,2.5,0.0,15.0,30.0,1.0,0.0,0.0,0.0,5,219,0.0,0.0,-1.7259808266484857e-12,0.2742,0.3769242093711807,0
23.333333333333332,0.0,20.68229368275354,2.8000000000000114,0.0,15.0,30.0,1.0,0.0,0.0,0.0,5,219,0.0,0.0,-1.7259808266484857e-12,0.29907,0.3769242093711807,0
23.375,0.0,20.225123937094622,1.1999999999999886,0.0,15.0,30.0,1.0,0.0,0.0,0.0,0,0,0.0,0.0,-1.7259808266484857e-12,0.31307,0.3769242093711807,0
23.416666666666668,0.0,19.912935443165622,2.5,0.0,15.0,30.0,1.0,0.0,0.0,0.0,0,0,0.0,0.0,-1.7259808266484857e-12,0.31123,0.3769242093711807,0
23.458333333333332,0.0,19.73543442222359,3.3999999999999773,89.00757575757578,15.0,30.0,1.0,0.0,0.0,0.0,0,0,0.0,0.0,-1.7259808266484857e-12,0.30825,0.3769242093711807,0
23.5,0.0,19.88012897306811,3.1999999999999886,113.53487707261294,15.0,30.0,1.0,0.0,0.0,0.0,0,0,0.0,0.0,-1.7259808266484857e-12,0.30369,0.3769242093711807,0
23.541666666666668,0.0,19.725408466056706,2.8999999999999773,77.99182136335972,15.0,30.0,1.0,0.0,0.0,0.0,0,0,0.0,0.0,-1.7259808266484857e-12,0.29833,0.3769242093711807,0
23.583333333333332,0.0,19.84111022380506,3.1000000000000227,131.67822580645162,15.0,30.0,1.0,0.0,0.0,0.0,0,0,0.0,0.0,-1.7259808266484857e-12,0.29263,0.3769242093711807,0
23.625,0.7693181083721257,20.365378326125892,3.3000000000000114,66.78750000000001,15.0,30.0,3.583330568972202,2638.3780035907403,20.498644281163177,510.20408163265313,0,0,-6815.802549158081,8943.563840235032,9454.18055277055,0.28986,0.3816650742534146,0
23.666666666666668,1.0,20.783183671065956,2.8999999999999773,0.0,15.0,30.0,3.5252374183893473,3179.7073216444824,20.498644281163177,510.20408163265313,0,0,-8029.515908228727,10793.895643608535,11209.223229787702,0.29045,0.3872317564354972,0
23.708333333333332,1.0,21.301951000675842,2.6999999999999886,0.0,15.0,30.0,3.4115480361857347,3224.360795249232,20.498644281163177,510.20408163265313,0,0,-7775.700943803048,10725.685278588047,11000.061738986791,0.29501,0.39297324344605983,0
23.75,0.0,21.077012337694214,1.6000000000000227,0.0,15.0,30.0,1.0,0.0,0.0,0.0,0,0,0.0,0.0,-1.7259808266484857e-12,0.30682,0.39299824625663415,0
23.791666666666668,0.7790407917567634,20.963201819471465,0.5,0.0,15.0,30.0,3.209270871501083,2651.9406860760328,20.498644281163177,510.20408163265313,0,0,-5858.855310678273,8342.029332522476,8510.79599677241,0.32146,0.39831336720425864,0
23.833333333333332,1.0,21.167344414533886,0.5,0.0,21.0,24.0,3.2410772759933923,3147.5530516451436,20.498644281163177,510.20408163265313,0,0,-7053.909618965586,9988.708044466912,10201.462670670731,0.30206,0.40406004819555424,0
23.875,1.0,21.533713663280764,0.6000000000000227,0.0,21.0,24.0,3.1979082555273894,3178.7819374805013,20.498644281163177,510.20408163265313,5,219,-6986.671062869138,10015.531758057845,10165.453000390246,0.28934,0.40962653266420956,0
23.916666666666668,0.34970577633544053,21.565232082124226,0.30000000000001137,0.0,21.0,24.0,2.566725696785901,1788.8152706227752,20.498644281163177,510.20408163265313,5,219,-2802.582851252692,4840.383431816105,4591.398121910503,0.27443,0.41296319274434834,0
23.958333333333332,0.26616579940608176,21.398874101655338,0.6999999999999886,0.0,21.0,24.0,2.3913615589371346,1616.6019879442847,20.498644281163177,510.20408163265313,5,219,-2249.2778620458266,4071.20249204135,3865.8798500713156,0.27023,0.4159891630958949,0
24.0,0.6225207857717621,21.355108237744048,1.0,0.0,21.0,24.0,3.0929045243137065,2347.1469898175274,20.498644281163177,510.20408163265313,5,219,-4912.354554266422,7188.344188575846,7259.5015440359275,0.26671,0.41997011753752844,0
24.041666666666668,0.683963101022762,21.49029623138381,2.0,0.0,21.0,24.0,3.204597251348131,2507.772210022239,20.498644281163177,510.20408163265313,5,219,-5528.627721229804,7941.928768894887,8036.399931244495,0.26463,0.4241322747867301,0
24.083333333333332,0.3788105050496,21.539160575250264,2.1999999999999886,0.0,21.0,24.0,2.7828595728176557,1864.5424140884295,20.498644281163177,510.20408163265313,5,219,-3324.2172919178042,5314.834891216085,5188.759705970528,0.26064,0.42739220054736565,0
24.125,0.32717035659494087,21.388436036957216,0.6000000000000227,0.0,21.0,24.0,2.569523442361329,1735.2437738953304,20.498644281163177,510.20408163265313,5,219,-2723.505781355693,4599.778573331785,4458.749555235593,0.2578,0.4304507339930342,0
24.166666666666668,0.6385250299803786,21.396680687391495,1.1999999999999886,0.0,21.0,24.0,3.1287368102539186,2383.421852640692,20.498644281163177,510.20408163265313,5,219,-5073.677832116024,7362.3802166413225,7457.099684720524,0.2557,0.43431044638905414,0
24.208333333333332,0.6273580381304811,21.48743570677641,1.0,0.0,21.0,24.0,3.0845238042893546,2362.93673118521,20.498644281163177,510.20408163265313,5,219,-4925.597864139725,7252.070377398175,7288.534595370456,0.25528,0.43815752824583326,0
24.25,0.866222638241652,21.632370175798997,0.39999999999997726,0.0,21.0,24.0,3.16822705471806,2869.219643539738,20.498644281163177,510.20408163265313,5,219,-6221.119657089894,8957.57447404002,9090.339300591108,0.25898,0.4427357308337613,0
24.291666666666668,0.10056418604185069,21.558716522523696,1.1999999999999886,0.0,15.0,30.0,1.700295002484392,1291.9821518082022,20.498644281163177,510.20408163265313,5,219,-904.7686441481295,2553.134829530565,2196.750796018517,0.26903,0.44530169685105836,0
24.333333333333332,0.0,21.08455253722593,1.1000000000000227,0.0,15.0,30.0,1.0,0.0,0.0,0.0,5,219,0.0,0.0,-1.7290088631864655e-12,0.28448,0.44531294940767363,0
24.375,0.0,20.615970090955898,1.1999999999999886,0.0,15.0,30.0,1.0,0.0,0.0,0.0,0,0,0.0,0.0,-1.7290088631864655e-12,0.297,0.44531294940767363,0
24.416666666666668,0.0,20.20487403639663,1.5,0.0,15.0,30.0,1.0,0.0,0.0,0.0,0,0,0.0,0.0,-1.7290088631864655e-12,0.29364,0.44531294940767363,0
24.458333333333332,0.0,19.812142223708747,0.19999999999998863,47.96331058020477,15.0,30.0,1.0,0.0,0.0,0.0,0,0,0.0,0.0,-1.7290088631864655e-12,0.285,0.44531294940767363,0
24.5,0.0,19.87961301355,0.6999999999999886,241.51984060376608,15.0,30.0,1.0,0.0,0.0,0.0,0,0,0.0,0.0,-1.7290088631864655e-12,0.278,0.44531294940767363,0
24.541666666666668,0.0,20.317881263218624,2.0,241.36102225776358,15.0,30.0,1.0,0.0,0.0,0.0,0,0,0.0,0.0,-1.7290088631864655e-12,0.27181,0.44531294940767363,0
24.583333333333332,0.0,20.283275799868363,1.3999999999999773,227.08046423942503,15.0,30.0,1.0,0.0,0.0,0.0,0,0,0.0,0.0,-1.7290088631864655e-12,0.26987,0.44531294940767363,0
24.625,0.0,20.636991668159794,2.3999999999999773,338.3870119787045,15.0,30.0,1.0,0.0,0.0,0.0,0,0,0.0,0.0,-1.7290088631864655e-12,0.26864,0.44531294940767363,0
24.666666666666668,0.0,20.60950247738151,2.1000000000000227,132.7086683613375,15.0,30.0,1.0,0.0,0.0,0.0,0,0,0.0,0.0,-1.7290088631864655e-12,0.26558,0.44531294940767363,0
24.708333333333332,0.3228644794980511,20.555320021411262,2.1999999999999886,21.65423819181634,15.0,30.0,2.775354471677501,1712.0798246899562,20.498644281163177,510.20408163265313,0,0,-3039.5485726237725,4587.732582665155,4751.6283973221025,0.26508,0.44839500136895843,0
24.75,1.0,20.809215077716317,2.3000000000000114,14.325443786982248,15.0,30.0,3.515790944062557,3139.6578635894775,20.498644281163177,510.20408163265313,0,0,-7898.722820666235,10546.144026540875,11038.38068426268,0.27087,0.4534992143200365,0
24.791666666666668,1.0,21.124138323608804,2.0,0.0,15.0,30.0,3.3854863034455978,3184.3899705994463,20.498644281163177,510.20408163265313,0,0,-7596.318659624818,10496.877337722695,10780.708630293955,0.27182,0.4587306011773627,0
24.833333333333332,1.0,21.510223187514157,2.3999999999999773,0.0,21.0,24.0,3.3456462364233737,3236.160822022345,20.498644281163177,510.20408163265313,0,0,-7590.888452623921,10614.26335983004,10827.04927465983,0.26067,0.46381009710356363,0
24.875,0.36292602125232776,21.648738571362685,1.3999999999999773,0.0,21.0,24.0,2.669716550125914,1828.9837723741525,20.498644281163177,510.20408163265313,5,219,-3053.8844747214416,5109.7735311807755,4882.868247019002,0.2498,0.46690567100557523,0
24.916666666666668,0.07498915553108532,21.380294386744538,0.8999999999999773,0.0,21.0,24.0,1.5439317497559335,1239.9154384072817,20.498644281163177,510.20408163265313,5,219,-674.4293739337004,2249.5592691684706,1914.3448123695498,0.2498,0.46921598294643385,0
24.958333333333332,0.6564802413348119,21.29723354124974,1.1999999999999886,0.0,21.0,24.0,3.159291626382569,2415.9195723066223,20.498644281163177,510.20408163265313,5,219,-5216.674902504821,7498.530348192129,7632.594474802069,0.25966,0.47317517854038393,0
25.0,0.8607048261875079,21.441972364991102,0.6000000000000227,0.0,21.0,24.0,3.2039830720134312,2852.3247289035176,20.498644281163177,510.20408163265313,5,219,-6286.475418396436,8982.45105160299,9138.80014729217,0.25623,0.477680727786003,0
25.041666666666668,0.5344892800009475,21.543029023718077,0.8000000000000114,0.0,21.0,24.0,2.945824153462699,2170.8875687553223,20.498644281163177,510.20408163265313,5,219,-4224.165465686549,6463.377825268025,6395.053034491344,0.25992,0.4813439162714102,0
25.083333333333332,0.33968517681547183,21.449480084917468,0.0,0.0,21.0,24.0,2.5524473388465547,1756.8628945997143,20.498644281163177,510.20408163265313,5,219,-2727.437125360468,4654.9607015207175,4484.300020039296,0.26303,0.48449172132305773,0
25.125,0.5179321085987922,21.405255361497666,0.8000000000000114,0.0,21.0,24.0,2.954529434029265,2125.6772688889473,20.498644281163177,510.20408163265313,5,219,-4154.698789207096,6279.500260215427,6280.376058179335,0.25705,0.48803480731205706,0
25.166666666666668,0.6540477699832792,21.417291593395248,-0.30000000000001137,0.0,21.0,24.0,3.0162451972362807,2388.8128454382577,20.498644281163177,510.20408163265313,5,219,-4816.432426729726,7171.052808998156,7205.245272149478,0.2472,0.49180184771618435,0
25.208333333333332,0.638026688882654,21.42839121395059,-0.6000000000000227,0.0,21.0,24.0,2.9692539704051253,2352.7367026085685,20.498644281163177,510.20408163265313,5,219,-4633.1360929382745,6982.811004767966,6985.872795538355,0.24342,0.49545863479747926,0
25.25,0.5854866239160259,21.47988028290058,0.19999999999998863,0.0,21.0,24.0,2.9750572358401355,2261.3607145294523,20.498644281163177,510.20408163265313,5,219,-4466.316842146303,6741.020155502294,6727.677556605466,0.24161,0.4989643521792945,0
25.291666666666668,0.4894734882227567,21.45872773167048,-0.30000000000001137,0.0,21.0,24.0,2.818219258818552,2054.537219224382,20.498644281163177,510.20408163265313,5,219,-3735.5991398744077,5868.707806075975,5790.136359177667,0.24595,0.5022852717124513,0
25.333333333333332,0.5501530696539021,21.39783995860995,-0.6999999999999886,0.0,21.0,24.0,2.8767614739923006,2168.5800819802243,20.498644281163177,510.20408163265313,5,219,-4069.9075511967235,6271.5050644208695,6238.487633107774,0.2499,0.5058025403226951,0
25.375,0.6844320924126919,21.405575316977092,-0.6999999999999886,0.0,21.0,24.0,3.0049371157827918,2444.4831906049467,20.498644281163177,510.20408163265313,5,219,-4901.035077715383,7304.536289408941,7345.518268355945,0.25392,0.5097301053891664,0
25.416666666666668,0.48851689416557065,21.44847771714933,-0.39999999999997726,61.43735224586288,21.0,24.0,2.8104807003047045,2050.2742900070266,20.498644281163177,510.20408163265313,5,219,-3711.9820323571553,5836.203660016513,5762.256322395679,0.25982,0.5132256642089896,0
25.458333333333332,0.17538846603266478,21.593675062169325,-0.5,142.4695800685476,21.0,24.0,2.0096541862971278,1427.7313397250693,20.498644281163177,510.20408163265313,5,219,-1441.514924049058,3053.9400701971363,2869.2462637860926,0.25967,0.5158819303446618,0
25.5,0.0,21.662661108617158,0.8000000000000114,284.14590273713594,21.0,24.0,1.0,0.0,0.0,0.0,5,219,0.0,0.0,-1.7290088631864655e-12,0.26066,0.515893008596223,0
25.541666666666668,0.0,22.078890925527276,1.3000000000000114,390.4698922211809,21.0,24.0,1.0,0.0,0.0,0.0,5,219,0.0,0.0,-1.7290088631864655e-12,0.25853,0.515893008596223,0
25.583333333333332,0.0,22.30099920121546,1.8999999999999773,347.2964787358564,21.0,24.0,1.0,0.0,0.0,0.0,5,219,0.0,0.0,-1.7290088631864655e-12,0.25744,0.515893008596223,0
25.625,0.0,22.362685795767504,2.5,217.62010934411342,21.0,24.0,1.0,0.0,0.0,0.0,5,219,0.0,0.0,-1.7290088631864655e-12,0.25332,0.515893008596223,0
25.666666666666668,0.0,22.100819127189254,2.6000000000000227,118.65720363464469,21.0,24.0,1.0,0.0,0.0,0.0,5,219,0.0,0.0,-1.7290088631864655e-12,0.2528,0.515893008596223,0
25.708333333333332,0.0,21.995868342977587,2.6000000000000227,87.91181434599156,21.0,24.0,1.0,0.0,0.0,0.0,5,219,0.0,0.0,-1.7290088631864655e-12,0.25244,0.515893008596223,0
25.75,0.0,21.498049310974352,1.3999999999999773,18.991666666666667,21.0,24.0,1.0,0.0,0.0,0.0,5,219,0.0,0.0,-1.7290088631864655e-12,0.25595,0.515893008596223,0
25.791666666666668,0.4248505710316266,21.227270081568975,0.39999999999997726,0.0,21.0,24.0,2.8720346044874225,1898.9284153710846,20.498644281163177,510.20408163265313,5,219,-3554.859705013647,5291.979934867652,5453.788120390221,0.25792,0.5191466774027801,0
25.833333333333332,1.0,21.393830975548326,0.10000000000002274,0.0,21.0,24.0,3.3012939718667074,3086.2808703677865,20.498644281163177,510.20408163265313,5,219,-7102.439562474518,9802.739088882008,10188.720432832708,0.25292,0.5238622929681441,0
25.875,0.6862579432265079,21.59542787811904,-0.5,0.0,21.0,24.0,3.0421615983609773,2445.075374732155,20.498644281163177,510.20408163265313,5,219,-4993.239035337687,7367.414829618798,7438.314410108238,0.2475,0.5277055428207434,0
25.916666666666668,0.2872655568784097,21.51919299151257,-1.8000000000000114,0.0,21.0,24.0,2.3208575845359154,1632.6393439541043,20.498644281163177,510.20408163265313,5,219,-2156.484060275691,3971.6757221202147,3789.123404227624,0.24499,0.5304823725260908,0
25.958333333333332,0.46591343696258036,21.362815064708002,-2.1000000000000227,0.0,21.0,24.0,2.6874995198571723,1968.6005526987797,20.498644281163177,510.20408163265313,5,219,-3322.0124873861196,5321.43109942449,5290.613040168534,0.24462,0.5336668379496025,0
26.0,0.8213049977200484,21.383888962613696,-2.3999999999999773,0.0,21.0,24.0,2.9835586207647085,2671.328518845121,20.498644281163177,510.20408163265313,5,219,-5298.736712477182,7839.138738746415,7970.065231294981,0.24074,0.5376679931556021,0
26.041666666666668,0.7923680456278603,21.451990367812755,-2.8999999999999773,0.0,21.0,24.0,2.902408390580645,2612.9178642589145,20.498644281163177,510.20408163265313,5,219,-4970.836868938023,7537.430206159802,7583.754733123133,0.2437,0.5416603864956846,0
26.083333333333332,0.6562111614725836,21.45063356974697,-3.3000000000000114,0.0,21.0,24.0,2.7741817521759615,2335.5380507674,20.498644281163177,510.20408163265313,5,219,-4143.668991208445,6522.7351827593675,6479.207041951536,0.2421,0.545281451277216,0
26.125,0.6346495802572534,21.444599693728833,-2.6000000000000227,0.0,21.0,24.0,2.8142153573896715,2304.700923274933,20.498644281163177,510.20408163265313,5,219,-4181.223809132968,6509.6066940778655,6485.924732470471,0.22986,0.548668085778767,0
26.166666666666668,0.6409410344873976,21.44851924100874,-2.3999999999999773,0.0,21.0,24.0,2.836061677486377,2320.957319677731,20.498644281163177,510.20408163265313,5,219,-4261.420789659268,6599.053757320138,6582.378109419512,0.22643,0.5520285555842,0
26.208333333333332,0.628789364125673,21.451365428293116,-2.3000000000000114,0.0,21.0,24.0,2.8332122762802117,2298.7720398484735,20.498644281163177,510.20408163265313,5,219,-4214.137123781779,6535.948821177618,6512.909163668399,0.22164,0.5552942845691642,0
26.25,0.6330355739398215,21.43641191222997,-2.6000000000000227,0.0,21.0,24.0,2.814169802115495,2301.3764728352553,20.498644281163177,510.20408163265313,5,219,-4175.087700348963,6504.630213311992,6476.464173152047,0.21927,0.5585323470593353,0
26.291666666666668,0.6730287242743387,21.410035564774375,-2.8000000000000114,0.0,21.0,24.0,2.8310981493416434,2376.9964471870658,20.498644281163177,510.20408163265313,5,219,-4352.513795472721,6740.386284851753,6729.510242622963,0.22148,0.5618876218214284,0
26.333333333333332,0.7171671341658907,21.433573968016844,-2.3999999999999773,0.0,21.0,24.0,2.8909320952844837,2475.3929812310766,20.498644281163177,510.20408163265313,5,219,-4680.800036667671,7138.935136693211,7156.193017882861,0.22966,0.5654752716534146,0
26.375,0.6582412785772576,21.442992657142213,-2.1999999999999886,0.0,21.0,24.0,2.858906871991197,2362.546291266134,20.498644281163177,510.20408163265313,5,219,-4391.753536199025,6774.304639146592,6754.299827498067,0.23414,0.5690026693604868,0
26.416666666666668,0.6269466888376272,21.458107981949638,-1.8999999999999773,0.0,21.0,24.0,2.8561336917529436,2305.110649125242,20.498644281163177,510.20408163265313,5,219,-4278.593539049123,6610.274021354722,6583.704188185102,0.24333,0.5725945107587853,0
26.458333333333332,0.5797152350621175,21.503974470353114,-1.6000000000000227,1.2313432835820894,21.0,24.0,2.8347490771219164,2214.743382141838,20.498644281163177,510.20408163265313,5,219,-4063.498376410877,6314.856177056818,6278.241758588448,0.24829,0.5761435997910536,0
26.5,0.3348465302117063,21.58354626020332,-1.1000000000000227,47.28336259877085,21.0,24.0,2.477011268015163,1733.2676882944172,20.498644281163177,510.20408163265313,5,219,-2560.055906051304,4430.906821043374,4293.323594391864,0.25011,0.5790965512420058,0
26.541666666666668,0.0,21.643740469508316,-0.30000000000001137,134.4966577540107,21.0,24.0,1.0,0.0,0.0,0.0,5,219,0.0,0.0,-1.7290088631864655e-12,0.24697,0.5791086852094647,0
26.583333333333332,0.0,21.54991948119124,0.0,94.68863636363636,21.0,24.0,1.0,0.0,0.0,0.0,5,219,0.0,0.0,-1.7290088631864655e-12,0.24324,0.5791086852094647,0
26.625,0.27906094562904116,21.415827842103738,0.10000000000002274,15.299999999999997,21.0,24.0,2.4575152168152283,1620.2407732002944,20.498644281163177,510.20408163265313,5,219,-2361.525581856062,3932.1679848202266,3981.766355044195,0.24131,0.5818004798040566,0
26.666666666666668,0.6482701482738022,21.396425393269624,-0.8000000000000114,0.0,21.0,24.0,3.0422466256463956,2338.605859619468,20.498644281163177,510.20408163265313,5,219,-4776.0099255344085,6927.687907805879,7114.615785144215,0.2405,0.5853868929035769,0
26.708333333333332,0.6980747650945673,21.55391598928543,-1.0,0.0,21.0,24.0,3.0299199226617852,2450.3323541847653,20.498644281163177,510.20408163265313,5,219,-4973.978462863889,7291.878583743146,7424.310817087175,0.24118,0.5891234138110131,0
26.75,0.8514899265763631,21.649942490449007,-1.1999999999999886,0.0,21.0,24.0,3.0658986483689716,2778.1674026920646,20.498644281163177,510.20408163265313,5,219,-5739.412282093906,8370.505431605428,8517.579684856337,0.24722,0.5933699288807833,0
26.791666666666668,0.14599548818132035,21.507837528444043,-1.1999999999999886,0.0,21.0,24.0,1.8500494421329239,1369.2166388579274,20.498644281163177,510.20408163265313,5,219,-1163.9018399979486,2831.839763600382,2533.1184788782257,0.25264,0.5958826559140314,0
26.833333333333332,0.45587938292576524,21.343741213823705,-1.1000000000000227,0.0,21.0,24.0,2.7417027555130837,1963.4352813893215,20.498644281163177,510.20408163265313,5,219,-3419.720639795312,5400.057388311582,5383.15592125671,0.26358,0.5992997695910344,0
26.875,0.8002312267721621,21.412943727172433,-0.6000000000000227,0.0,21.0,24.0,3.11183791606543,2676.17376796573,20.498644281163177,510.20408163265313,5,219,-5651.6452331006985,8163.788142024811,8327.819001135447,0.25044,0.6034535225440254,0
26.916666666666668,0.6335845253008117,21.532286927553685,-0.19999999999998863,0.0,21.0,24.0,2.9989565416976656,2350.3867414443157,20.498644281163177,510.20408163265313,5,219,-4698.320952395562,7028.091198839046,7048.70769377389,0.24778,0.607167367071417,0
26.958333333333332,0.36688297468167974,21.50845989257175,-0.10000000000002274,0.0,21.0,24.0,2.613253959312205,1808.5101183304018,20.498644281163177,510.20408163265313,5,219,-2917.586108858433,4861.7285857425795,4726.096227183107,0.25082,0.6102305506157623,0
27.0,0.4089069367570204,21.43817408106986,0.19999999999998863,0.0,21.0,24.0,2.7345667996965815,1892.3624314857548,20.498644281163177,510.20408163265313,5,219,-3282.429046596411,5238.462760024232,5174.791478134041,0.24959,0.613379049288993,0
27.041666666666668,0.5709273215435147,21.42412641733398,0.0,0.0,21.0,24.0,2.970213122145524,2217.220074767086,20.498644281163177,510.20408163265313,5,219,-4368.396086008025,6550.504008101869,6585.616160757679,0.24977,0.616949719885301,0
27.083333333333332,0.5878766338778263,21.47843515974762,0.39999999999997726,0.0,21.0,24.0,3.009653538446551,2263.251596169385,20.498644281163177,510.20408163265313,5,219,-4548.351578623414,6778.721003312054,6811.603174805993,0.24097,0.6204482535909918,0
27.125,0.4505682666512243,21.507912326062865,0.8999999999999773,0.0,21.0,24.0,2.85052312104806,1989.9854207630267,20.498644281163177,510.20408163265313,5,219,-3682.514031617554,5725.649843974957,5672.49945243356,0.24042,0.6236035587872363,0
27.166666666666668,0.3750376574334453,21.473990108008536,1.1999999999999886,0.0,21.0,24.0,2.7277803544087442,1837.6724543706896,20.498644281163177,510.20408163265313,5,219,-3175.0943645572274,5094.056914215914,5012.7668188704665,0.2378,0.6265380816384937,0
27.208333333333332,1.0,21.647659791483875,1.3000000000000114,0.0,21.0,24.0,3.297326443008653,3177.887274511414,20.498644281163177,510.20408163265313,5,219,-7300.644468587137,10188.436376303423,10478.531743147183,0.23809,0.6310923470800404,0
27.25,0.4394708680840367,21.787184202716276,1.6999999999999886,0.0,21.0,24.0,2.8547522750362537,1989.6178605309044,20.498644281163177,510.20408163265313,5,219,-3690.2482533497123,5798.61374891296,5679.866113803363,0.24183,0.6342764543894207,0
27.291666666666668,0.0,21.48590426773842,1.3999999999999773,0.0,15.0,30.0,1.0,0.0,0.0,0.0,5,219,0.0,0.0,-1.7259808266484857e-12,0.25309,0.6342902970206603,0
27.333333333333332,0.0,20.9563509497508,1.5,0.0,15.0,30.0,1.0,0.0,0.0,0.0,5,219,0.0,0.0,-1.7259808266484857e-12,0.26404,0.6342902970206603,0
27.375,0.0,20.535979951411605,1.8999999999999773,0.0,15.0,30.0,1.0,0.0,0.0,0.0,0,0,0.0,0.0,-1.7259808266484857e-12,0.26513,0.6342902970206603,0
27.416666666666668,0.0,20.168528019837026,2.0,3.4171940928270055,15.0,30.0,1.0,0.0,0.0,0.0,0,0,0.0,0.0,-1.7259808266484857e-12,0.26651,0.6342902970206603,0
27.458333333333332,0.0,19.9812912080165,1.6999999999999886,191.61866656291068,15.0,30.0,1.0,0.0,0.0,0.0,0,0,0.0,0.0,-1.7259808266484857e-12,0.26396,0.6342902970206603,0
27.5,0.0,20.54366538050084,2.1999999999999886,507.01909624081406,15.0,30.0,1.0,0.0,0.0,0.0,0,0,0.0,0.0,-1.7259808266484857e-12,0.25664,0.6342902970206603,0
27.541666666666668,0.0,21.26302082779455,3.0,628.3138447563408,15.0,30.0,1.0,0.0,0.0,0.0,0,0,0.0,0.0,-1.7259808266484857e-12,0.25575,0.6342902970206603,0
27.583333333333332,0.0,21.8676480854964,4.0,539.1897426509049,15.0,30.0,1.0,0.0,0.0,0.0,0,0,0.0,0.0,-1.7259808266484857e-12,0.25242,0.6342902970206603,0
27.625,0.0,22.042094957628592,4.300000000000011,406.1129673241095,15.0,30.0,1.0,0.0,0.0,0.0,0,0,0.0,0.0,-1.7259808266484857e-12,0.25029,0.6342902970206603,0
27.666666666666668,0.0,22.058728347049055,4.600000000000023,306.8665318503539,15.0,30.0,1.0,0.0,0.0,0.0,0,0,0.0,0.0,-1.7259808266484857e-12,0.24917,0.6342902970206603,0
27.708333333333332,0.0,21.879461566238604,3.8999999999999773,96.39809782608697,15.0,30.0,1.0,0.0,0.0,0.0,0,0,0.0,0.0,-1.7259808266484857e-12,0.25174,0.6342902970206603,0
27.75,0.0,21.31687282468556,3.3999999999999773,0.06385869565217561,15.0,30.0,1.0,0.0,0.0,0.0,0,0,0.0,0.0,-1.7259808266484857e-12,0.262,0.6342902970206603,0
27.791666666666668,0.05701807344929932,20.974004470713396,3.0,0.0,15.0,30.0,1.490771382040054,1204.3733817494692,20.498644281163177,510.20408163265313,0,0,-591.0719891387886,1890.3725837577567,1795.4453708029098,0.27897,0.6368025102829169,0
27.833333333333332,1.0,21.134257404355253,3.0,0.0,21.0,24.0,3.5646730304271554,3167.03210162546,20.498644281163177,510.20408163265313,0,0,-8122.401817471922,10759.41395266302,11289.433919161313,0.27255,0.641968400058784,0
27.875,1.0,21.661767153150436,3.0,0.0,21.0,24.0,3.44509158575591,3228.2416049044004,20.498644281163177,510.20408163265313,5,219,-7893.346384908729,10784.820020057383,11121.587989843305,0.26394,0.6470966028497173,0
27.916666666666668,0.0,21.580866393827023,2.6000000000000227,0.0,21.0,24.0,1.0,0.0,0.0,0.0,5,219,0.0,0.0,-1.7290088631864655e-12,0.26548,0.6471182592155872,0
27.958333333333332,0.1615329124651197,21.37536622431344,2.6999999999999886,0.0,21.0,24.0,2.1085202753891537,1413.6075231313903,20.498644281163177,510.20408163265313,5,219,-1567.0126008614247,3114.7274170731034,2980.620123965178,0.26053,0.6497482009926216,0
28.0,0.597194864959846,21.42739215937945,3.1999999999999886,0.0,21.0,24.0,3.2784315246789792,2322.5801386425073,20.498644281163177,510.20408163265313,5,219,-5291.83980653641,7414.695080258274,7614.419945118871,0.2493,0.6534267892796883,0
28.041666666666668,0.4789516360523294,21.562455986635882,3.3000000000000114,0.0,21.0,24.0,3.0884672802891395,2082.069701399074,20.498644281163177,510.20408163265313,5,219,-4348.334446622996,6385.885304760214,6430.404148052418,0.25623,0.6569111415019588,0
28.083333333333332,0.18108824209923569,21.526184963766923,3.3000000000000114,0.0,21.0,24.0,2.2182027784887257,1459.810345859641,20.498644281163177,510.20408163265313,5,219,-1778.3450193313881,3413.685265317663,3238.1553652524435,0.24943,0.6595037015087043,0
28.125,0.2996631874483242,21.389072975047725,2.1999999999999886,0.0,21.0,24.0,2.620062736770398,1688.8456838175703,20.498644281163177,510.20408163265313,5,219,-2736.035960548537,4476.107394578177,4424.8816443259375,0.24916,0.662390826953364,0
28.166666666666668,0.6160742427537897,21.401590849951504,1.8000000000000114,0.0,21.0,24.0,3.178868340503597,2339.0347545363493,20.498644281163177,510.20408163265313,5,219,-5096.448774081434,7295.939081719323,7435.483528533203,0.2465,0.6660650636214579,0
28.208333333333332,0.6095140258877905,21.496521898038168,1.1999999999999886,0.0,21.0,24.0,3.0997308470711133,2322.750122390444,20.498644281163177,510.20408163265313,5,219,-4877.150082039847,7137.312298767602,7199.900204411863,0.24597,0.6697231373303952,0
28.25,0.8505709513800639,21.655245300198658,0.6999999999999886,0.0,21.0,24.0,3.1994518037791178,2837.102753155095,20.498644281163177,510.20408163265313,5,219,-6240.070767943288,8918.280576880874,9077.17352108877,0.24776,0.6740571681829759,0
28.291666666666668,0.07467026533490184,21.554001233902454,0.5,0.0,15.0,30.0,1.5302752993298678,1238.7797907486615,20.498644281163177,510.20408163265313,5,219,-656.8943243071894,2255.789739885939,1895.674115091699,0.25631,0.6764320221947004,0
28.333333333333332,0.0,21.065354452107556,0.30000000000001137,0.0,15.0,30.0,1.0,0.0,0.0,0.0,5,219,0.0,0.0,-1.7290088631864655e-12,0.26981,0.6764423829685668,0
28.375,0.0,20.589447248036436,0.39999999999997726,0.0,15.0,30.0,1.0,0.0,0.0,0.0,0,0,0.0,0.0,-1.7290088631864655e-12,0.27321,0.6764423829685668,0
28.416666666666668,0.0,20.17277945789965,0.10000000000002274,30.000000000000007,15.0,30.0,1.0,0.0,0.0,0.0,0,0,0.0,0.0,-1.7290088631864655e-12,0.27374,0.6764423829685668,0
28.458333333333332,0.0,19.92913550659614,0.39999999999997726,29.999999999999993,15.0,30.0,1.0,0.0,0.0,0.0,0,0,0.0,0.0,-1.7290088631864655e-12,0.27321,0.6764423829685668,0
28.5,0.0,19.667082740650926,0.8000000000000114,0.0,15.0,30.0,1.0,0.0,0.0,0.0,0,0,0.0,0.0,-1.7290088631864655e-12,0.2733,0.6764423829685668,0
28.541666666666668,0.0,19.470133967620768,1.3000000000000114,0.0,15.0,30.0,1.0,0.0,0.0,0.0,0,0,0.0,0.0,-1.7290088631864655e-12,0.27052,0.6764423829685668,0
28.583333333333332,1.0,19.77273948901575,1.8999999999999773,0.0,15.0,30.0,3.6053851974571605,3066.28800565234,20.498644281163177,510.20408163265313,0,0,-7988.861381119458,10486.55800389782,11055.149386719384,0.27011,0.6814216884084416,0
28.625,0.950364814631449,20.329553704306306,2.3000000000000114,0.0,15.0,30.0,3.4955533317484604,3037.095838868141,20.498644281163177,510.20408163265313,0,0,-7579.234639440773,10254.365836064486,10616.330478394915,0.26656,0.6863297181183109,0
28.666666666666668,0.2049671168145224,20.554990307917706,3.1999999999999886,0.0,15.0,30.0,2.3400212960855344,1503.030542974617,20.498644281163177,510.20408163265313,0,0,-2014.0929361983303,3706.8088412380375,3517.1234792276077,0.266,0.6891570175440184,0
28.708333333333332,0.3685496101754282,20.588902564088926,3.3999999999999773,0.0,15.0,30.0,2.914368989563325,1836.636146598315,20.498644281163177,510.20408163265313,0,0,-3515.999284105109,5341.523202006709,5352.63543075721,0.26933,0.6924728615223478,0
28.75,0.9892915028887828,20.84807280632174,3.5,0.0,15.0,30.0,3.5249709265763665,3201.383241022714,20.498644281163177,510.20408163265313,0,0,-8083.399608374456,10907.55051644903,11284.782849433888,0.27145,0.6976885464806847,0
28.791666666666668,1.0,21.266134179678716,3.5,0.0,15.0,30.0,3.439703188326393,3269.116004556783,20.498644281163177,510.20408163265313,0,0,-7975.672739339478,10998.97124417998,11244.788743882806,0.27282,0.7030566734459964,0
28.833333333333332,0.827567006947767,21.609394894980937,3.5,0.0,21.0,24.0,3.3411120592701247,2897.296369885336,20.498644281163177,510.20408163265313,0,0,-6782.895470805127,9596.403497619434,9680.191840703452,0.26981,0.7078679158833338,0
28.875,0.028463788300605586,21.631699558428465,4.699999999999989,0.0,21.0,24.0,1.2626413155556235,1154.246947821823,20.498644281163177,510.20408163265313,5,219,-303.1529368832416,1912.9683534725098,1457.3998846738095,0.26154,0.7101735065940257,0
28.916666666666668,0.0,21.2144419359106,4.300000000000011,0.0,21.0,24.0,1.0,0.0,0.0,0.0,5,219,0.0,0.0,-1.7290088631864655e-12,0.25831,0.7101829518999808,0
28.958333333333332,0.9345512718040112,21.252566997242923,3.6999999999999886,0.0,21.0,24.0,3.5192727785898814,3088.5257276844573,20.498644281163177,510.20408163265313,5,219,-7780.838791726295,10479.0880010086,10869.364519414416,0.26359,0.7150986191889109,0
29.0,0.860995116823517,21.575718547848624,3.3999999999999773,0.0,21.0,24.0,3.393190363955906,2949.303825495437,20.498644281163177,510.20408163265313,5,219,-7058.245495522853,9820.42551239614,10007.549321049408,0.25636,0.7197318298187652,0
29.041666666666668,0.1483319295004577,21.594555239875035,3.3999999999999773,0.0,21.0,24.0,2.0382196476349304,1398.5739173859693,20.498644281163177,510.20408163265313,5,219,-1452.0269197168243,3174.3127173546964,2850.6008370858344,0.25043,0.7222619190229519,0
29.083333333333332,0.13134417706506696,21.33993105645135,2.6999999999999886,0.0,21.0,24.0,1.938223717578269,1356.2320268587393,20.498644281163177,510.20408163265313,5,219,-1272.4490541560058,2855.694761928243,2628.6810809968565,0.24636,0.7246880548236779,0
29.125,0.7279571977721986,21.282592161851426,1.6999999999999886,0.0,21.0,24.0,3.2593846084680607,2578.2220003284333,20.498644281163177,510.20408163265313,5,219,-5825.195104799633,8216.032697198776,8403.41710508423,0.2451,0.7286450175849422,0
29.166666666666668,0.8719481197044772,21.46810463961674,1.1999999999999886,0.0,21.0,24.0,3.2499295457795627,2896.9381375961693,20.498644281163177,510.20408163265313,5,219,-6517.90670805422,9245.615217560005,9414.844845669411,0.24285,0.7329683753853617,0
29.208333333333332,0.4698430228113608,21.549388453333677,1.0,0.0,21.0,24.0,2.864589379519027,2040.2224201788554,20.498644281163177,510.20408163265313,5,219,-3804.1770565660136,5958.006961712556,5844.399476700954,0.24274,0.7362312329508072,0
29.25,0.7516401535563872,21.587091726205585,0.30000000000001137,0.0,21.0,24.0,3.1061341531598976,2619.3109683215243,20.498644281163177,510.20408163265313,5,219,-5516.620288190435,8066.853310053461,8135.93125644981,0.24634,0.7402717973066021,0
29.291666666666668,0.22848062842514594,21.49389499263367,0.39999999999997726,0.0,15.0,30.0,2.2440608987407833,1540.725946545194,20.498644281163177,510.20408163265313,5,219,-1916.756905820169,3720.116372642233,3457.482852317452,0.25217,0.7430046771184735,0
29.333333333333332,0.0,21.01931648852633,0.0,0.0,15.0,30.0,1.0,0.0,0.0,0.0,5,219,0.0,0.0,-1.7259808266484857e-12,0.26499,0.7430165891914563,0
29.375,0.0,20.465722798901993,-0.8000000000000114,0.0,15.0,30.0,1.0,0.0,0.0,0.0,0,0,0.0,0.0,-1.7259808266484857e-12,0.26817,0.7430165891914563,0
29.416666666666668,0.0,20.00101617929488,-1.1000000000000227,0.0,15.0,30.0,1.0,0.0,0.0,0.0,0,0,0.0,0.0,-1.7259808266484857e-12,0.27,0.7430165891914563,0
29.458333333333332,0.0,19.67369426635537,-1.0,38.37660256410256,15.0,30.0,1.0,0.0,0.0,0.0,0,0,0.0,0.0,-1.7259808266484857e-12,0.27416,0.7430165891914563,0
29.5,0.0,19.61105007009826,0.6999999999999886,38.562091703413344,15.0,30.0,1.0,0.0,0.0,0.0,0,0,0.0,0.0,-1.7259808266484857e-12,0.2784,0.7430165891914563,0
29.541666666666668,0.5415363838704792,19.71368874565411,0.19999999999998863,1.0989270917073772,15.0,30.0,3.1311794600945624,2098.83218402517,20.498644281163177,510.20408163265313,0,0,-4472.988040739276,6319.855095485363,6571.820224805024,0.272,0.7467283055953967,0
29.583333333333332,0.8512968372766352,20.11342632799318,0.8000000000000114,1.3623786407766991,15.0,30.0,3.39349843160889,2756.268098070658,20.498644281163177,510.20408163265313,0,0,-6597.123369903478,8993.524772828123,9353.391467896397,0.27235,0.7513401096954209,0
29.625,0.4640686148183164,20.428102498316775,0.8999999999999773,13.689285714285715,15.0,30.0,2.953711174648484,1991.9351224491913,20.498644281163177,510.20408163265313,0,0,-3891.6659078612347,5852.130166064888,5883.601030352973,0.26459,0.7548194807366637,0
29.666666666666668,0.3416321521990682,20.65309701872968,1.1999999999999886,17.26709726443769,15.0,30.0,2.701323248382135,1754.6245705646484,20.498644281163177,510.20408163265313,0,0,-2985.183574134369,4759.158629767235,4739.808144648804,0.26366,0.7579578247611948,0
29.708333333333332,0.4879736579803833,20.822512856947753,1.1000000000000227,3.6436170212765964,15.0,30.0,2.9934471487961796,2048.2530669206685,20.498644281163177,510.20408163265313,0,0,-4083.0842363027095,6047.584844612285,6131.337303186706,0.26557,0.7615190415663586,0
29.75,0.717811530002308,20.909465242263423,1.1999999999999886,0.0,15.0,30.0,3.2336523227537337,2535.393706039341,20.498644281163177,510.20408163265313,0,0,-5663.188040666969,8026.858022688065,8198.581746629312,0.26743,0.7657694359428974,0
29.791666666666668,1.0,21.077928622986406,1.0,0.0,15.0,30.0,3.2883063304407245,3160.4037802684134,20.498644281163177,510.20408163265313,0,0,-7231.971977177771,10160.260292490953,10392.37575740542,0.27841,0.7710892722428179,0
29.833333333333332,1.0,21.344545174468067,0.6999999999999886,0.0,21.0,24.0,3.2112228335896065,3179.3284240254598,20.498644281163177,510.20408163265313,0,0,-7030.203606640377,10067.959989906087,10209.532030711014,0.26442,0.7761871883846778,0
29.875,0.7493506105436509,21.592603239991206,0.8000000000000114,0.0,21.0,24.0,3.1038372255899955,2644.284472235323,20.498644281163177,510.20408163265313,5,219,-5563.144107686156,8222.18723271306,8207.42857997359,0.26719,0.7806083003628983,0
29.916666666666668,0.2093104245539763,21.48560460845829,0.6000000000000227,0.0,21.0,24.0,2.1737402825750136,1506.8484533632627,20.498644281163177,510.20408163265313,5,219,-1768.6487295024758,3597.043870008692,3275.497182811581,0.26289,0.7834129507821658,0
29.958333333333332,0.44528015963501844,21.320927348794385,0.6000000000000227,0.0,21.0,24.0,2.817868536601573,1975.810000816196,20.498644281163177,510.20408163265313,5,219,-3591.7628348605504,5637.210041230649,5567.5728356026875,0.25961,0.786800427991147,0
30.0,0.8189746776183,21.3590500962747,0.30000000000001137,0.0,21.0,24.0,3.1633053342163384,2753.6349225419854,20.498644281163177,510.20408163265313,5,219,-5956.9531164692435,8578.558161424617,8710.588038961456,0.2552,0.7911506682515013,0
