Time,True_Temperature,Predicted_Temperature
31.041666666666668,21.420488548917437,21.504039735095727
31.08333333333333,21.430707833593715,21.515424146060713
31.125,21.400163567498623,21.490740985273987
31.166666666666668,21.353811430804967,21.44280160576157
31.20833333333333,21.320076406716453,21.390184616253826
31.25,21.284995366348998,21.35381312749128
31.291666666666668,21.25787878443805,21.319599861152412
31.33333333333333,20.92220479856576,20.970360953977224
31.375,20.64099282387906,20.646266924891965
31.416666666666668,20.46930706330812,20.5313666326165
31.45833333333333,20.41492788629125,20.430849981389862
31.5,20.46132376604044,20.417733875259994
31.541666666666668,20.54454874999874,20.47016128315112
31.58333333333333,20.5664504333364,20.527293893945
31.625,20.54877351920061,20.524646708513963
31.666666666666668,20.55380080429188,20.504890134716863
31.70833333333333,20.56574201583669,20.497490538725792
31.75,20.43768038348492,20.491657380281417
31.791666666666668,20.35915505147267,20.4211267617187
31.83333333333333,20.36851959275361,20.405582234336315
31.875,20.691652539854203,20.443085479468564
31.916666666666668,21.06446221190833,21.022658589758215
31.95833333333333,21.31417235119977,21.295700663315543
32.0,21.393504174065185,21.442971417234894
32.041666666666664,21.376700207286262,21.449626302977176
32.083333333333336,21.340633295887983,21.401823763487407
32.125,21.2902279456676,21.358476030452202
32.166666666666664,21.249375909576543,21.304276547564854
32.208333333333336,21.230889536845325,21.272282174368364
32.25,21.22397768719441,21.25855228086875
32.291666666666664,21.217738343417523,21.25143355598035
32.333333333333336,21.193404713241648,21.242070427320687
32.375,21.197039922971385,21.2215588638096
32.416666666666664,21.2174487387108,21.23101542935828
32.458333333333336,21.239770595452,21.244734922156802
32.5,21.28049145195041,21.247453870692418
32.541666666666664,21.299661729435,21.262592076681248
32.583333333333336,21.307702610430965,21.2544474156661
32.625,21.377664176376868,21.24175702102311
32.666666666666664,21.2413545098795,21.249600037652655
32.708333333333336,21.148031441454293,21.151758256049437
32.75,21.097336109070056,21.109501665354923
32.791666666666664,21.06569427531815,21.100192883344235
32.833333333333336,21.02361662415086,21.108304010764243
32.875,21.001868986961995,21.084994626728015
32.916666666666664,21.06377550386009,21.087687549404766
32.958333333333336,21.157877985012306,21.153374746301836
33.0,21.205970160940296,21.23255672850409
33.041666666666664,21.21582201542043,21.262320694481446
33.083333333333336,21.23665602280016,21.26338649169293
33.125,21.232752705102826,21.28088366555854
33.166666666666664,21.225426660956373,21.269513549249673
33.208333333333336,21.21350988751317,21.259972630626425
33.25,21.20023456936633,21.24973146729314
33.291666666666664,21.170588144129223,21.2347522853045
33.333333333333336,21.155705450894857,21.21018834825736
33.375,21.18005356821402,21.204833774120782
33.416666666666664,21.218793228395725,21.231420041060876
33.458333333333336,21.292865390498832,21.25844841284401
33.5,21.359165797460093,21.30445822420868
33.541666666666664,21.35663332448001,21.31979545999516
33.583333333333336,21.33979331696941,21.296423078713953
33.625,21.29982970984804,21.262805492172443
33.666666666666664,21.250777906910344,21.221414262204043
33.708333333333336,21.20692304695137,21.184518655123718
33.75,21.156397069304266,21.16258793851465
33.791666666666664,21.12385294175704,21.142502396234804
33.833333333333336,21.132052394297038,21.143019058909477
33.875,21.16460454243781,21.16221002274265
33.916666666666664,21.202881129285288,21.190726456269594
33.958333333333336,21.21812151531799,21.216828805136764
34.0,21.21681604231503,21.221384490752005
34.041666666666664,21.210258196835355,21.218051396635857
34.083333333333336,21.20352179938095,21.21171879388108
34.125,21.19925847648119,21.206880021592728
34.166666666666664,21.202030643180137,21.204552488874974
34.208333333333336,21.19625540032928,21.207707379174344
34.25,21.18930099120894,21.201358233622166
34.291666666666664,21.185235202752267,21.1978015739978
34.333333333333336,20.93855437403016,20.957674543528785
34.375,20.64753190254248,20.716706083937453
34.416666666666664,20.48599934442632,20.438611671246697
34.458333333333336,20.44178470380814,20.42442320297498
34.5,20.47600171436511,20.41512393086282
34.541666666666664,20.488771953497743,20.449228750514667
34.583333333333336,20.527644796489422,20.451969286602633
34.625,20.582136220491066,20.476606115293542
34.666666666666664,20.59731252787185,20.492624668110665
34.708333333333336,20.54657215535224,20.408044245063568
34.75,20.458909329777327,20.36387926822894
34.791666666666664,20.331671716672982,20.396152027026442
34.833333333333336,20.373386234627105,20.374947680364414
34.875,20.753284092639436,20.441707304019612
34.916666666666664,21.188311155763586,21.092906241873784
34.958333333333336,21.41721815978275,21.37096708642831
35.0,21.407433896954785,21.455095588648565
35.041666666666664,21.302020546883,21.382360820360347
35.083333333333336,21.21325333536663,21.288008050897663
35.125,21.16891914682003,21.223500187840326
35.166666666666664,21.159319570506117,21.19714176033982
35.208333333333336,21.15570184097481,21.1934241637346
35.25,21.15597896355825,21.19332153566281
35.291666666666664,21.15979049156124,21.1993044105065
35.333333333333336,20.86656351634082,20.920657100112663
35.375,20.571726747961577,20.63163724082384
35.416666666666664,20.44563298652156,20.478000492704492
35.458333333333336,20.436570592334704,20.41622884960694
35.5,20.459305412578036,20.427696323932025
35.541666666666664,20.48329097300291,20.437039050762674
35.583333333333336,20.50651100798831,20.4437173935927
35.625,20.48806353033376,20.445432116979262
35.666666666666664,20.432736183430848,20.420662300180297
35.708333333333336,20.38713698257743,20.38322418111493
35.75,20.36148861474885,20.363407592018195
35.791666666666664,20.34100770153429,20.38287489269935
35.833333333333336,20.41072184692075,20.416237995286085
35.875,20.728084144004185,20.5026111487251
35.916666666666664,21.081591097008012,21.045825543468112
35.958333333333336,21.28298259760186,21.31283569426361
36.0,21.40116839067514,21.41819915601924
36.04166666666666,21.407180170072134,21.492736516139303
36.083333333333336,21.25481210106068,21.438093937837547
36.125,21.214231354442973,21.279033509905485
36.16666666666666,21.201139421052854,21.27530392940863
36.208333333333336,21.198394427507367,21.258564041469857
36.25,21.259662109909584,21.26642401704163
36.29166666666666,21.222514034935784,21.324482545154474
36.333333333333336,20.83296734873545,20.931965067926086
36.375,20.55208789139067,20.673668020810748
36.41666666666666,20.47127847360855,20.467949331675236
36.458333333333336,20.77492639588684,20.533160577826354
36.5,21.12887237435814,20.961790618512524
36.54166666666666,21.298554563469224,21.1638404255724
36.583333333333336,20.828795302062872,21.18328040093781
36.625,20.54165639828085,20.570390413318837
36.66666666666666,20.79097590624076,20.47215272904694
36.708333333333336,20.91831865785485,20.809198177881886
36.75,20.613506312855407,20.906115839607782
36.79166666666666,20.246115451990136,20.401145168225955
36.833333333333336,20.172136137658526,20.2403429789961
36.875,20.50613199583654,20.25299264864283
36.91666666666666,20.94862911944733,20.85451031140608
36.958333333333336,21.252294217999804,21.21384406897318
37.0,21.420261651362694,21.403906109608567
37.04166666666666,21.450018799770877,21.493659206147896
37.083333333333336,21.411262716456804,21.469642297651234
37.125,21.339425816783205,21.40587599201084
37.16666666666666,21.20213021907091,21.33147706622869
37.208333333333336,21.14898171294402,21.20690982140553
37.25,21.106113130096105,21.187018412602992
37.29166666666666,21.08990754702438,21.158192698418674
37.333333333333336,20.72962843859716,20.809322110666507
37.375,20.47035340393984,20.57499858713831
37.41666666666666,20.324958678169537,20.411938809013094
37.458333333333336,20.322752573784783,20.32406273252302
37.5,20.362363025250147,20.365937037473916
37.54166666666666,20.41030374272225,20.400863588133884
37.583333333333336,20.498661680599582,20.44824860676905
37.625,20.635704992110163,20.517809088426187
37.66666666666666,20.64403497347098,20.60557004528186
37.708333333333336,20.450362896594413,20.589633447226063
37.75,20.39598484871567,20.428817083481004
37.79166666666666,20.29517643474765,20.404012413302908
37.833333333333336,20.26426043318304,20.365668145597326
37.875,20.511259370253757,20.369158970721124
37.91666666666666,20.79739976873157,20.805219046056347
37.958333333333336,21.05962747190995,21.07727003900772
38.0,21.25911075297768,21.302228792679873
38.04166666666666,21.35972408158716,21.44775728917668
38.083333333333336,21.405962624011863,21.501641547369147
38.125,21.409807167552685,21.51378840572427
38.16666666666666,21.408781308179755,21.492917016477044
38.208333333333336,21.364906165680168,21.473460687397704
38.25,21.318741911523148,21.410120862139028
38.29166666666666,21.22426419613106,21.362370286347492
38.333333333333336,20.95126016222196,21.274955031618116
38.375,20.639421683397245,20.792170783732114
38.41666666666666,20.43340799073053,20.544070396223745
38.458333333333336,20.554784686111415,20.433246164493617
38.5,21.083363466991614,20.736177659870208
38.54166666666666,21.448211971373723,21.20161047601851
38.583333333333336,21.801563717882686,21.611803136049133
38.625,22.09055006997733,22.08782203433377
38.66666666666666,21.72743908771099,22.2120180589681
38.708333333333336,21.355188904234865,21.53916232586299
38.75,20.854920580834573,21.067363581885434
38.79166666666666,20.40945944038026,20.56265234060828
38.833333333333336,20.20116325350989,20.271214388711087
38.875,20.31120743725819,20.17695125976836
38.91666666666666,20.639802327715017,20.560967976548117
38.958333333333336,20.94444765068903,20.911186363344097
39.0,21.15044862268064,21.159011146993812
39.04166666666666,21.2373236468344,21.30959966886458
39.083333333333336,21.275014350151597,21.3599711561891
39.125,21.286792393876908,21.365252273294438
39.16666666666666,21.294979045286595,21.35777514804409
39.208333333333336,21.30463893811026,21.356133940413923
39.25,21.28837985851345,21.366372160051114
39.29166666666666,21.254155189292533,21.337286784534815
39.333333333333336,21.151280325355856,21.30494937079337
39.375,21.087807491132253,21.1872307782601
39.41666666666666,21.131387798477704,21.155745461850994
39.458333333333336,21.24850766492625,21.226785275857388
39.5,21.341474246775533,21.321670552868383
39.54166666666666,21.45613698073913,21.372372138662676
39.583333333333336,21.535439778176222,21.430319809921322
39.625,21.558568360536757,21.44614274241405
39.66666666666666,21.7440935058292,21.505247201013916
39.708333333333336,21.636709612261484,21.54829242126548
39.75,21.31759490885122,21.41008107581298
39.79166666666666,20.8696287084162,21.24327520372812
39.833333333333336,20.76418547767048,20.848834796928678
39.875,20.80313076305015,20.835713376012755
39.91666666666666,20.930490397152084,20.912761987153647
39.958333333333336,21.03312918217415,21.060186326200803
40.0,21.127348576690903,21.137477293369404
40.04166666666666,21.20984740748372,21.226611203524172
40.083333333333336,21.252470291640066,21.292456688692884
40.125,21.234722688755312,21.313436714093562
40.16666666666666,21.163659370320715,21.28490377574411
40.208333333333336,21.13067910480754,21.218155569618073
40.25,21.12451244091494,21.201106217076575
40.29166666666666,21.066087060309087,21.20421589742949
40.333333333333336,21.088721015604733,21.132951419706956
40.375,21.13836180413961,21.195664207032358
40.41666666666666,21.19748456084176,21.24379385617492
40.458333333333336,21.31728513150369,21.28659904562568
40.5,21.380150389495554,21.393801426373766
40.54166666666666,21.72964166203405,21.428548051902613
40.583333333333336,22.138348549371017,21.81125204267537
40.625,22.21352260775461,22.092663801724328
40.66666666666666,22.12270708611908,22.16148735869214
40.708333333333336,21.9105574477461,22.025337730192604
40.75,21.42062520072426,21.65623266111346
40.79166666666666,21.00295084391757,21.114983408287888
40.833333333333336,20.79613968286594,20.908977405691964
40.875,20.707330010090917,20.80239753024654
40.91666666666666,20.80382775213741,20.77951672294598
40.958333333333336,20.986150241843404,20.92388978979585
41.0,21.05329034843129,21.113803586877452
41.04166666666666,21.057622592322787,21.138018002584946
41.083333333333336,21.07492488313619,21.140549901513417
41.125,21.1143205504502,21.16367843055207
41.16666666666666,21.136417728980348,21.203926718086336
41.208333333333336,21.17146133146946,21.228035777878123
41.25,21.234528227032342,21.258472986012904
41.29166666666666,21.28738225825151,21.33051666954574
41.333333333333336,21.0618213627198,21.36653224451908
41.375,20.773838965906293,20.90471030590817
41.41666666666666,20.61009754636672,20.653582800402617
41.458333333333336,20.87771640097685,20.61896679354586
41.5,21.39000098484348,21.03808791188003
41.54166666666666,21.73120375119521,21.59852828915361
41.583333333333336,21.94260849000864,21.886663875115183
41.625,22.050858827707884,22.060327536673192
41.66666666666666,21.902466891031796,22.078790898120065
41.708333333333336,21.703222870914143,21.804141133617495
41.75,21.318288097937625,21.48224980972068
41.79166666666666,20.689225495335226,21.007163750329422
41.833333333333336,20.359568255720436,20.37862702340249
41.875,20.438061026720504,20.241776362998916
41.91666666666666,20.648194526252723,20.630147305467336
41.958333333333336,20.804005892667703,20.832979647805548
42.0,20.97197085246762,20.972672733886963
42.04166666666666,21.084074171353848,21.130327810372084
42.083333333333336,21.100735468195523,21.212180259604345
42.125,21.119460577784025,21.19091612030371
42.16666666666666,21.088160599399544,21.224715462753498
42.208333333333336,21.11286695206752,21.183407027759227
42.25,21.126648652171298,21.229717277157715
42.29166666666666,21.121771507544736,21.227840068175947
42.333333333333336,20.88600066009212,21.231641639130384
42.375,20.61043865690391,20.819384444571604
42.41666666666666,20.414852230959298,20.55869828495459
42.458333333333336,20.830327308403294,20.45269773049661
42.5,21.722059041245416,21.176059819178906
42.54166666666666,22.43060072264842,22.083050089848804
42.583333333333336,22.991214399407795,22.89983874837772
42.625,23.38787303748597,23.491638056785042
42.66666666666666,23.525226031733723,23.84118299571722
42.708333333333336,23.21824753019871,23.908958862167832
42.75,22.71029925357135,23.335619586666773
42.79166666666666,21.91570071872212,22.447936774627763
42.833333333333336,21.31534453859979,21.540257582832975
42.875,21.00623482416717,21.368937642835213
42.91666666666666,20.8090932014984,20.857606150975332
42.958333333333336,20.74092715120247,20.757167623928893
43.0,20.730512962278908,20.762862580286193
43.04166666666666,20.78796604469977,20.77951659395724
43.083333333333336,20.8184601619933,20.874978543748995
43.125,20.83837307997169,20.90082232692055
43.16666666666666,20.89330672904288,20.944654125750535
43.208333333333336,20.901032426160956,20.997438290207516
43.25,20.89681597389233,20.98155073806018
43.29166666666666,20.8645142748336,20.965426054153127
43.333333333333336,20.689262864689116,20.925506456819612
43.375,20.48607961661628,20.682855974607183
43.41666666666666,20.4951294321952,20.4907476697912
43.458333333333336,21.043030434412003,20.639003360118664
43.5,21.913365668558185,21.43274138696798
43.54166666666666,22.58432870292245,22.278268271516346
43.583333333333336,23.18229915330528,23.041706139924273
43.625,23.53624634251412,23.688102879096725
43.66666666666666,23.52615688955501,23.957980003463092
43.708333333333336,23.24045360790581,23.832446653762307
43.75,22.734306250024478,23.34453747399707
43.79166666666666,21.967339974991432,22.462202959346527
43.833333333333336,21.393986216689317,21.595036367345223
43.875,21.07768133960837,21.045818503333454
43.91666666666666,20.866793385527785,20.897237003347243
43.958333333333336,20.76552490632139,20.792938719071753
44.0,20.752106437138195,20.760238546037755
44.04166666666666,20.7998375275854,20.805327441352215
44.083333333333336,20.84264560585831,20.87586572964075
44.125,20.89277361939719,20.917597051410453
44.16666666666666,20.954695174628,21.005243591483886
44.208333333333336,20.977498393019346,21.059104122501164
44.25,20.997421991731983,21.086300052144182
44.29166666666666,21.01965601492452,21.095253339861664
44.333333333333336,20.82054447050677,21.11336745690885
44.375,20.660182465248,20.776328204660526
44.41666666666666,20.687355081947658,20.66848683329657
44.458333333333336,21.192859824601328,20.821517108548797
44.5,22.018756556726203,21.51385697075652
44.54166666666666,22.819013957484003,22.422750432457516
44.583333333333336,23.546172952591174,23.333802482340616
44.625,23.98045130889966,24.066659619314603
44.66666666666666,24.056963663000943,24.439386010619568
44.708333333333336,23.335445143671336,24.168235040811712
44.75,22.639315027393764,22.97812772009797
44.79166666666666,21.970577567627288,22.268620806956108
44.833333333333336,21.48947748089552,21.61116504087373
44.875,21.22634321854161,21.162898642115714
44.91666666666666,21.0736871793801,21.033619291996292
44.958333333333336,20.9881672203295,20.95725462964072
45.0,20.899205319919304,20.933757232668874
45.04166666666666,20.9103300504994,20.889490657241833
45.083333333333336,20.978867850845177,20.94158541668514
45.125,21.05424673833511,21.028477949874095
45.16666666666666,21.131150706286576,21.10866255037436
45.208333333333336,21.180922429391217,21.18140779938703
45.25,21.21038072025084,21.221916463623284
45.29166666666666,21.222409853525733,21.24583393548318
45.333333333333336,20.93903035246024,21.25313077285493
45.375,20.634521569829477,20.744823133269584
45.41666666666666,20.44610394280141,20.504490974588407
45.458333333333336,20.386223946337395,20.387985421104254
45.5,20.40127215458483,20.36914009731482
45.54166666666666,20.455202827336397,20.398697124090575
45.583333333333336,20.506309991341368,20.449958346752556
45.625,20.52223335188239,20.48967054860016
45.66666666666666,20.50980311701528,20.497791170041804
45.708333333333336,20.47837540787043,20.49064214977968
45.75,20.43891775427619,20.474213895849
45.79166666666666,20.376444551727104,20.45477831730281
45.833333333333336,20.369485312045757,20.432378593332125
45.875,20.63452883197056,20.452906667808904
45.91666666666666,20.9537255312564,20.942462085952524
45.958333333333336,21.20477159679564,21.21127140148371
46.0,21.3464343507344,21.392671018064565
46.04166666666666,21.38929478472392,21.474706945061232
46.083333333333336,21.41107953878884,21.473314863231554
46.125,21.405320999457388,21.472011482655056
46.16666666666666,21.363769287267075,21.444910065690948
46.208333333333336,21.30674154619624,21.39052298647018
46.25,21.26503930391175,21.333229543261425
46.29166666666666,21.245417085215426,21.298101731760962
46.333333333333336,21.24634121901937,21.283461061578386
46.375,21.24854925695104,21.286541866945225
46.41666666666666,21.27114737461824,21.285402761710966
46.458333333333336,21.372915479710173,21.298015822054534
46.5,21.87107478934172,21.458661154707695
46.54166666666666,22.17145104061194,21.943061887480216
46.583333333333336,22.177880127700632,22.15307861499147
46.625,22.360101679631384,22.14815766369714
46.66666666666666,22.5257080113372,22.45688925590172
46.708333333333336,22.508919784010004,22.75296779257092
46.75,22.29181837800468,22.688855975323055
46.79166666666666,21.7074657911852,22.12076818746255
46.833333333333336,21.31016095504424,21.429657173515242
46.875,21.099790016246743,21.048458642630354
46.91666666666666,21.03075875320485,21.00006935627466
46.958333333333336,21.041056438009942,20.997048481791857
47.0,21.08354842782137,21.041344399273544
47.04166666666666,21.1051522267407,21.094336496696556
47.083333333333336,21.139900075813102,21.117173925272652
47.125,21.156955736260898,21.155809144913423
47.16666666666666,21.16351841831988,21.169201248974012
47.208333333333336,21.17193430923953,21.17851438358359
47.25,21.18451206050304,21.189578055841174
47.29166666666666,21.034981191690463,21.199498148286537
47.333333333333336,20.961781124325285,21.04471651618132
47.375,21.00191408075676,21.020595339957396
47.41666666666666,21.09551516614067,21.084833682278294
47.458333333333336,21.232816025691196,21.173185796180118
47.5,21.35517231079291,21.282984939740818
47.54166666666666,21.365673570667862,21.3444966525766
47.583333333333336,21.414801823677863,21.298509360777
47.625,21.69680120548037,21.36689735408526
47.66666666666666,21.80829523013267,21.60685631117828
47.708333333333336,21.411797909301185,21.709523335108223
47.75,21.071792741340342,21.122546576713596
47.79166666666666,20.866706581665028,20.963113474099885
47.833333333333336,20.86789191850681,20.88620737813578
47.875,20.974074697676883,20.94726352499318
47.91666666666666,21.105202401157896,21.075104146608574
47.958333333333336,21.178809417668617,21.188862345718114
48.0,21.227900881208427,21.242091379857772
48.04166666666666,21.231075035502958,21.275362553342333
48.083333333333336,21.216395893687377,21.269065802486416
48.125,21.181367600533576,21.246341034886473
48.16666666666666,21.177601994594568,21.222213575393656
48.208333333333336,21.191748928779816,21.22616606433266
48.25,21.210817614625284,21.2417586644137
48.29166666666666,21.22537163342992,21.257575416142966
48.333333333333336,20.891025804961828,20.93854274414349
48.375,20.609407755504435,21.04058272865275
48.41666666666666,20.44038651629728,20.497061846008428
48.458333333333336,20.460936530522982,20.402516355412324
48.5,20.57840074312384,20.441511779201697
48.54166666666666,20.61438649336344,20.52172005560331
48.583333333333336,20.62675027372001,20.534917854473854
48.625,20.57390824718209,20.525608117126634
48.66666666666666,20.50105902468988,20.474683286837347
48.708333333333336,20.43873818662996,20.431312254307716
48.75,20.40721787829761,20.40923364450764
48.79166666666666,20.37929835597714,20.40945557602633
48.833333333333336,20.41860456333268,20.42467005807445
48.875,20.771943933932107,20.48096475315408
48.91666666666666,21.164627333439057,21.094631159090977
48.958333333333336,21.38742965758996,21.362738143079483
49.0,21.41945911293311,21.46300175770948
49.04166666666666,21.361203663996093,21.42920006059677
49.083333333333336,21.286248073408217,21.355031897502265
49.125,21.226345602162496,21.28684274102373
49.16666666666666,21.211745545328995,21.243199824941275
49.208333333333336,21.21712166072541,21.236900983368443
49.25,21.215444323816428,21.238310013665206
49.29166666666666,21.21346827783168,21.23365053616292
49.333333333333336,20.9553458187562,20.986841515351742
49.375,20.66439811928433,20.736026411355937
49.41666666666666,20.5060822449438,20.4602655142351
49.458333333333336,20.469656666143976,20.44175104225006
49.5,20.503108668388226,20.43361268477272
49.54166666666666,20.55287993739853,20.459748472698507
49.583333333333336,20.55444001020101,20.481137239989483
49.625,20.525355249570623,20.467113933340674
49.66666666666666,20.50071641123532,20.44461183200929
49.708333333333336,20.461382155471085,20.436454183983646
49.75,20.4487881007222,20.422727454743132
49.79166666666666,20.42151658493202,20.432822277602664
49.833333333333336,20.431255415573105,20.439700777717412
49.875,20.77579516433815,20.46769904961131
49.91666666666666,21.17731857599358,21.10210066339839
49.958333333333336,21.3898386035101,21.355295887634256
50.0,21.40601412301271,21.434033367658678
50.04166666666666,21.3408096241368,21.386344808485244
50.083333333333336,21.257201692922763,21.314634449386283
50.125,21.20214249250876,21.246454993223804
50.16666666666666,21.15699515710446,21.210688524318236
50.208333333333336,21.139792309415384,21.17874882438693
50.25,21.142551172326364,21.17588617456015
50.29166666666666,21.152480907668632,21.183842045534483
50.333333333333336,20.85907457205832,20.921386929632543
50.375,20.54302174421275,20.62541046296884
50.41666666666666,20.44191310507614,20.45310511972688
50.458333333333336,20.62281190890201,20.428785670144865
50.5,21.01255958040963,20.675446597582607
50.54166666666666,21.33290510922535,21.066111476609127
50.583333333333336,21.52257366567659,21.3913789455715
50.625,21.538762616663803,21.47427201992656
50.66666666666666,21.52571311879092,21.44310630354703
50.708333333333336,21.5224136459442,21.47948884290651
50.75,21.363881219849304,21.462066700411594
50.79166666666666,20.88770484625121,21.172462577617935
50.833333333333336,20.511958039003048,20.657631365791698
50.875,20.606149652359026,20.457192687877004
50.91666666666666,20.896096448020216,20.84616782913583
50.958333333333336,21.125424339740505,21.089398822585625
51.0,21.276727243424943,21.248311013094167
51.04166666666666,21.36358653868774,21.342999418412774
51.083333333333336,21.338512020479527,21.382687152107223
51.125,21.278115110219915,21.329296280133057
51.16666666666666,21.2344127537458,21.27142288853537
51.208333333333336,21.20696887405302,21.238797780371026
51.25,21.188739600018096,21.220095488204166
51.29166666666666,21.17029699614852,21.210672079383443
51.333333333333336,20.88342657121996,20.91257815712329
51.375,20.590967156582565,20.63417897437431
51.41666666666666,20.479975841631017,20.482793758154404
51.458333333333336,20.45920782332564,20.42904944178781
51.5,20.48440719972058,20.431771757352895
51.54166666666666,20.51789869056256,20.45482116879498
51.583333333333336,20.551080362161088,20.47427572970993
51.625,20.5817845046426,20.491445385749063
51.66666666666666,20.635580324744296,20.503952408234664
51.708333333333336,20.471715567002093,20.442437519954513
51.75,20.374064141780025,20.41855522580547
51.79166666666666,20.35602008192916,20.381154778764245
51.833333333333336,20.324635653846254,20.410805276152203
51.875,20.664343537599507,20.404571282790574
51.91666666666666,21.114619620064445,21.01892607949888
51.958333333333336,21.26257316740589,21.35579303749455
52.0,21.33775823276932,21.368073705565696
52.04166666666666,21.253229595316498,21.407873341828004
52.083333333333336,21.220867464451032,21.297098185935216
52.125,21.238633402586004,21.28146602960502
52.16666666666666,21.21908981789454,21.295246747032827
52.208333333333336,21.20141278602813,21.26914601581752
52.25,21.195877874396277,21.255497864821795
52.29166666666666,21.17047855931725,21.250664453099052
52.333333333333336,20.794577014264576,20.892183817897454
52.375,20.544338261878465,20.639464788817428
52.41666666666666,20.3960236094498,20.466105770585816
52.458333333333336,20.463815662132447,20.381310198907375
52.5,20.556314193587752,20.464246391480952
52.54166666666666,20.789428634022897,20.537757840671357
52.583333333333336,20.98465814742872,20.75913397761794
52.625,21.06679838915295,20.90785363692791
52.66666666666666,21.015740260651,20.988626849804806
52.708333333333336,20.84599576604376,20.92893712922135
52.75,20.71769242459459,20.792287208308846
52.79166666666666,20.25751554986988,20.588302670901307
52.833333333333336,20.166320002513487,20.21349988419274
52.875,20.36031680187159,20.242241770118852
52.91666666666666,20.766366588473037,20.663846294806167
52.958333333333336,21.07560863100832,21.065410843634165
53.0,21.27895359701552,21.282911731249886
53.04166666666666,21.426013116622187,21.4241930403223
53.083333333333336,21.493442278629004,21.523948863223453
53.125,21.4320420538416,21.532816031001218
53.16666666666666,21.35039457833693,21.43855830068151
53.208333333333336,21.25631597535579,21.359168501124945
53.25,21.1802213925514,21.273290618234817
53.29166666666666,21.140638508784946,21.218681085190262
53.333333333333336,21.173649607526954,21.197474296666943
53.375,21.199005423043104,21.236528661149247
53.41666666666666,21.227527367881635,21.258591413306473
53.458333333333336,21.250120869357488,21.269786181581324
53.5,21.376737119012205,21.265147506262334
53.54166666666666,21.39538874828054,21.343927010223744
53.583333333333336,21.445779861441565,21.30959136373946
53.625,21.486716419234767,21.319513230637565
53.66666666666666,21.341827357807237,21.248206724661266
53.708333333333336,21.32723661723952,21.24181254293258
53.75,21.208840391295663,21.141854729478386
53.79166666666666,20.9089621254476,21.08024435830146
53.833333333333336,20.83904847200722,20.912291992612946
53.875,20.88295083237801,20.92153213716525
53.91666666666666,21.02369211463281,20.985504281002264
53.958333333333336,21.13632210550054,21.136604299085892
54.0,21.21475122746949,21.219347207639558
54.04166666666666,21.191785029643142,21.272167546262885
54.083333333333336,21.169525622758727,21.232062684997118
54.125,21.16796933833064,21.217970852682065
54.16666666666666,21.14714507313693,21.220120302241547
54.208333333333336,21.148272296968003,21.202239501497246
54.25,21.14994184937132,21.211829884724157
54.29166666666666,21.14931004732904,21.21396493738489
54.333333333333336,21.17523634925817,21.214313505422442
54.375,21.20071695565514,21.23979138045039
54.41666666666666,21.22315227591957,21.250696705919545
54.458333333333336,21.28873760080336,21.267538149779377
54.5,21.3581615094522,21.304001461773133
54.54166666666666,21.388977385604903,21.33336707187263
54.583333333333336,21.39540058800742,21.333121674430785
54.625,21.344533606344896,21.31043230215471
54.66666666666666,21.30255011290308,21.2525312522975
54.708333333333336,21.573801666308384,21.281386742895908
54.75,21.57036659457492,21.54210767325175
54.79166666666666,21.089756996524898,21.481951104365674
54.833333333333336,20.86331142639392,21.009201873847946
54.875,20.889345466353348,20.90986135851183
54.91666666666666,20.98567589974334,20.9962443465343
54.958333333333336,21.069097675716307,21.08345178727094
55.0,21.099322365121797,21.15577267971202
55.04166666666666,21.085337728221816,21.171929447691603
55.083333333333336,21.086885425122205,21.158409088793086
55.125,21.079478138188165,21.167093319663014
55.16666666666666,21.07743155026276,21.166815894299095
55.208333333333336,21.11183432223629,21.170124627551697
55.25,21.12779248783727,21.220329319996964
55.29166666666666,21.144876971770827,21.21646277665323
55.333333333333336,20.91867725469109,21.238747049867808
55.375,20.678489487590923,20.794889962394596
55.41666666666666,20.61861912313094,20.611522708742637
55.458333333333336,20.780929220838857,20.61165705449311
55.5,21.071506383709107,20.76786999131873
55.54166666666666,21.59931232403602,21.06885501551802
55.583333333333336,22.2120321828304,21.857574971927484
55.625,22.089161165420137,22.4227358705983
55.66666666666666,21.583920150422955,21.909403708311952
55.708333333333336,21.248669469685296,21.312907179905682
55.75,20.982874633751862,20.992067751541764
55.79166666666666,20.613658741646987,20.738176157091313
55.833333333333336,20.391540372434065,20.378273689657544
55.875,20.575258740861727,20.32785497017416
55.91666666666666,20.900382181809505,20.838680265295714
55.958333333333336,21.1902653915588,21.10965677541968
56.0,21.329413225510507,21.315555381677093
56.04166666666666,21.349110197862444,21.37893425190873
56.083333333333336,21.30650755779357,21.35945973072913
56.125,21.25852387722597,21.306651615061096
56.16666666666666,21.22572794531993,21.264329593333024
56.208333333333336,21.20659112278861,21.240228466477213
56.25,21.19399228031375,21.228500537444415
56.29166666666666,21.194039445276985,21.219882642673483
56.333333333333336,20.89376532608821,20.933626302567564
56.375,20.59430741461324,20.63784376712889
56.41666666666666,20.46506690487888,20.481480812441873
56.458333333333336,20.47770211305067,20.41390317175732
56.5,20.556214766007884,20.447287363491895
56.54166666666666,20.667096312541844,20.503335875113688
56.583333333333336,20.5293516754121,20.459043370860748
56.625,20.499794173511987,20.434932806155505
56.66666666666666,20.599512100347624,20.432457429114663
56.708333333333336,20.55036919798516,20.408392055998494
56.75,20.6904209505322,20.559030592082976
56.79166666666666,20.315363634061555,20.615347035329144
56.833333333333336,20.23528732390844,20.31416235165004
56.875,20.59578452762611,20.335705986136663
56.91666666666666,21.004888241950425,20.974868905900376
56.958333333333336,21.20144963987008,21.253312812863832
57.0,21.299654233745517,21.33918914925912
57.04166666666666,21.323341061071574,21.380863439589724
57.083333333333336,21.301391606089965,21.368758940227806
57.125,21.24039310660396,21.336730827295327
57.16666666666666,21.20258285014017,21.277882087892042
57.208333333333336,21.181612579644707,21.249091579648404
57.25,21.18803270819853,21.234312415095637
57.29166666666666,21.214540357885085,21.243526027786913
57.333333333333336,20.915746960811248,20.94295825521458
57.375,20.640268956089017,20.653118998701355
57.41666666666666,20.51070259361171,20.529133282550415
57.458333333333336,20.515565922880118,20.450735487720824
57.5,20.636463476701465,20.46428413733196
57.54166666666666,20.791294495242767,20.574083442499017
57.583333333333336,20.624515397431992,20.623646675935134
57.625,20.470373878441933,20.418144306892245
57.66666666666666,20.41093148336193,20.397789176599513
57.708333333333336,20.37657705624713,20.378961439274224
57.75,20.381642968406936,20.378406289989254
57.79166666666666,20.397043867130435,20.406143752483803
57.833333333333336,20.42531751711158,20.44489358497459
57.875,20.73834935953522,20.48307283044338
57.91666666666666,21.097468653332044,21.060062741557672
57.958333333333336,21.31107205058061,21.31268618325456
58.0,21.340150347430324,21.420476205206576
58.04166666666666,21.30624288788317,21.391505867854022
58.083333333333336,21.251440183528644,21.346611884613317
58.125,21.217344561106188,21.290919296573687
58.16666666666666,21.1968696243502,21.2640700534721
58.208333333333336,21.184443584387797,21.247305362687364
58.25,21.18757676518902,21.238295909602417
58.29166666666666,21.185308013250847,21.242986696890306
58.333333333333336,20.87481050921599,20.91924116958667
58.375,20.618274991102112,20.618172870760883
58.41666666666666,20.60882744483297,20.544617163728027
58.458333333333336,20.76957127960281,20.615757983421698
58.5,20.893132427044065,20.68609168785958
58.54166666666666,21.361831942026527,20.915543043554752
58.583333333333336,21.93066003058857,21.575355834449734
58.625,22.049346098400576,22.194398767019013
58.66666666666666,21.666951851772865,21.974299392974093
58.708333333333336,21.507342225125058,21.472000441140384
58.75,21.40499239949861,21.346725442379096
58.79166666666666,21.028329663849263,21.222647310753572
58.833333333333336,20.72774912555297,20.813248610054842
58.875,20.8343360324094,20.8223625379355
58.91666666666666,21.074244891991043,21.01122599383955
58.958333333333336,21.229235166049023,21.18793062801482
59.0,21.25417395755551,21.26603216614409
59.04166666666666,21.19859531308793,21.252443827088022
59.083333333333336,21.13869181238715,21.19764143980599
59.125,21.07883633245831,21.149440273065895
59.16666666666666,21.038963278929717,21.10924045327915
59.208333333333336,21.05205272305875,21.09303803802367
59.25,21.08962420005145,21.117119699409592
59.29166666666666,21.12075573305458,21.154841735445792
59.333333333333336,20.87625257145163,21.184607755911998
59.375,20.60534160140162,20.703952061892693
59.41666666666666,20.540237369949864,20.49539890013412
59.458333333333336,20.851110520439534,20.6143229629091
59.5,20.803432949163263,20.790161844956245
59.54166666666666,20.589228993972768,20.599913996316243
59.583333333333336,20.50625568969076,20.35996133900747
59.625,20.40748838764796,20.37836958891594
59.66666666666666,20.382729645195013,20.340732719799334
59.708333333333336,20.345137087542867,20.31836591438405
59.75,20.35493214684197,20.342743735377674
59.79166666666666,20.363939480409385,20.382521664841462
59.833333333333336,20.378383981448,20.410571629511182
59.875,20.676699501752186,20.44539513737257
59.91666666666666,21.0163519905928,20.989006749322247
59.958333333333336,21.23817465677314,21.24577162804352
60.0,21.33101620113507,21.38383629535128
60.04166666666666,21.34081819250747,21.419533788035576
60.083333333333336,21.33167473134881,21.392769629112067
60.125,21.297292940930788,21.36812212161887
60.16666666666666,21.25652575359476,21.32530345563795
60.208333333333336,21.233263640504333,21.28770811373841
60.25,21.199838831945044,21.264724802856907
60.29166666666666,21.1467961451782,21.23734217661274
60.333333333333336,21.09096540102689,21.20030845276177
60.375,21.130687016200795,21.157399365825754
60.41666666666666,21.263972392411404,21.20935694186848
60.458333333333336,21.496469830478304,21.338788761910234
60.5,21.428856223460684,21.460826227363714
60.54166666666666,21.42917231450207,21.339282107217237
60.583333333333336,21.724592341199298,21.36246353555485
60.625,21.75085772422284,21.53489031740808
60.66666666666666,22.034165339051757,21.682509308285468
60.708333333333336,22.051513174776687,22.15108294592615
60.75,21.828819634211868,22.153832427676754
60.79166666666666,21.3456167062692,21.71723088277275
60.833333333333336,20.98452901929329,21.0904163319116
60.875,20.885845679235217,20.925893090164518
60.91666666666666,20.909717604929995,20.922630445025856
60.958333333333336,20.957335977991704,20.978213554266386
61.0,21.07033596201461,21.034644036811223
61.04166666666666,21.11572272912008,21.151432960985428
61.083333333333336,21.129592534099288,21.173231808679102
61.125,21.12135777357946,21.182918792902175
61.16666666666666,21.11705773846586,21.17555379060548
61.208333333333336,21.12272887296251,21.178259397962837
61.25,21.13484149379849,21.189224559821888
61.29166666666666,21.139879914341805,21.205189107607556
61.333333333333336,21.13282823270049,21.20112360187727
61.375,21.18625978710213,21.22161901343439
61.41666666666666,21.39820886584096,21.291759561486494
61.458333333333336,21.77480400837237,21.521190660381382
61.5,22.287785804848568,21.857014445310988
61.54166666666666,22.914487977393943,22.475218617078813
61.583333333333336,23.58114014418379,23.265055605242566
61.625,24.107198480511613,24.038608000274902
61.66666666666666,24.279126479391948,24.577825045504568
61.708333333333336,24.093199707997428,24.596402475566446
61.75,23.77739285582186,24.145408260768907
61.79166666666666,23.237082434339012,23.539416860910084
61.833333333333336,22.78856543084089,22.937320160591952
61.875,22.404629118012963,22.495547326639922
61.91666666666666,22.07795164152867,22.115868953910788
61.958333333333336,21.76328225501021,21.795649298092524
62.0,21.488666342894877,21.485819317470536
62.04166666666666,21.22599986718774,21.221202486299585
62.083333333333336,21.110137866676386,21.275965402147484
62.125,21.00648599754328,20.99312188266208
62.16666666666666,20.951317380993142,20.94358841555326
62.208333333333336,20.95627807482981,20.935739792431086
62.25,20.960024698998723,20.98013559199647
62.29166666666666,21.021675038757166,20.994582908565874
62.333333333333336,20.821606993509025,21.06702454980337
62.375,20.56787206023688,20.626641286128145
62.41666666666666,20.54026887654925,20.452454349994955
62.458333333333336,20.81530047160049,20.512954642641645
62.5,20.998500488034324,20.670154612314153
62.54166666666666,21.2281258940601,20.876677436842
62.583333333333336,21.31185685274784,21.093986227501784
62.625,21.51711508960909,21.17710337787077
62.66666666666666,21.60789830057024,21.420791635172083
62.708333333333336,21.38691747379221,21.472694161604988
62.75,21.08658052131113,21.183587454846652
62.79166666666666,20.756663936255222,20.878599141903702
62.833333333333336,20.48950237286573,20.550750510574122
62.875,20.658108945321032,20.422507172763975
62.91666666666666,20.95984727512223,20.9096297104311
62.958333333333336,21.143503660087788,21.13166721704067
63.0,21.226200879253327,21.23840715319102
63.04166666666666,21.27649008304917,21.279039774675475
63.083333333333336,21.30351296112326,21.297782787375912
63.125,21.268244652386954,21.302876265446766
63.16666666666666,21.149961949574845,21.257613157451193
63.208333333333336,21.04129850808829,21.158201682387176
63.25,20.98527856638043,21.0847892454092
63.29166666666666,21.015748142762504,21.0599437516792
63.333333333333336,20.829252612322648,21.11052434792252
63.375,20.60735503628723,20.68803968129517
63.41666666666666,20.67900263252784,20.57965266768124
63.458333333333336,21.068944232779188,20.792638015705077
63.5,21.54537367192154,21.200823158186545
63.54166666666666,22.11738637139399,21.809162930485662
63.583333333333336,22.780734909560408,22.492006818277517
63.625,23.226145762040915,23.253926396887678
63.66666666666666,23.394332767669997,23.655317259891735
63.708333333333336,23.26364000867869,23.726359734619848
63.75,22.98250127360774,23.37059426042367
63.79166666666666,22.512845667649344,22.800396705019548
63.833333333333336,22.0539904740624,22.250893355741095
63.875,21.76774639366579,21.79252600071665
63.91666666666666,21.485845939308547,21.511100406941708
63.958333333333336,21.232172398063256,21.239495876472613
64.0,21.112886217640096,21.14130735767804
64.04166666666667,21.063683904443167,21.026600136223088
64.08333333333333,21.07709016674636,21.02398628062926
64.125,21.115627842985703,21.060286268521047
64.16666666666667,21.13886299121356,21.103211193902716
64.20833333333333,21.162520298067022,21.126290542989043
64.25,21.17996804329005,21.1529593139664
64.29166666666667,21.194356214016462,21.169660904847852
64.33333333333333,20.94000576278233,20.950703385738596
64.375,20.63014657562485,20.70011357319416
64.41666666666667,20.494814842548408,20.399421883433803
64.45833333333333,20.48854168753519,20.403077075066953
64.5,20.490487804778468,20.407642552919857
64.54166666666667,20.543535681871617,20.418805667835912
64.58333333333333,20.566869558002168,20.454054201494024
64.625,20.52638442622367,20.45500941588082
64.66666666666667,20.47736816840529,20.42366696963954
64.70833333333333,20.43173204007377,20.400712143236678
64.75,20.417862640482557,20.39376585774581
64.79166666666667,20.40851119788698,20.411318823442123
64.83333333333333,20.42528130496544,20.428868951648038
64.875,20.73831757565779,20.463357029232355
64.91666666666667,21.11569844136716,21.056261993379245
64.95833333333333,21.34828684058777,21.319408586508658
65.0,21.387827106955285,21.42769584571685
65.04166666666667,21.32209923886751,21.400939608617854
65.08333333333333,21.25555588099587,21.323455845146615
65.125,21.225525403634265,21.267704113927966
65.16666666666667,21.20767599691061,21.246464858370498
65.20833333333333,21.196248896720363,21.232193825424346
65.25,21.20551419944678,21.222735660049267
65.29166666666667,21.204648981593323,21.229482300600573
65.33333333333333,20.912291955689057,20.970565761009034
65.375,20.608950036002625,20.68125008915319
65.41666666666667,20.49303794919865,20.52835939766424
65.45833333333333,20.46951727609297,20.4311695837961
65.5,20.50714025539895,20.429576942420514
65.54166666666667,20.554375752004773,20.456257852577366
65.58333333333333,20.572277853572476,20.476189297122716
65.625,20.536507576686688,20.47139215842873
65.66666666666667,20.488080731867,20.440732890657213
65.70833333333333,20.44266566911796,20.418283192480022
65.75,20.408349839007315,20.406396886702467
65.79166666666667,20.382366166452584,20.406645607257182
65.83333333333333,20.400831773168704,20.415220094377638
65.875,20.729603292579892,20.456407568279545
65.91666666666667,21.108198325234014,21.054210306269567
65.95833333333333,21.325014425166785,21.313808190305274
66.0,21.38620470065223,21.418541026293518
66.04166666666667,21.343863885962605,21.41467162536686
66.08333333333333,21.297426548712224,21.348484054530523
66.125,21.25202372128058,21.304511213473127
66.16666666666667,21.208871016311832,21.26523200143625
66.20833333333333,21.184776476164306,21.229660807532742
66.25,21.155826410309828,21.21482465215145
66.29166666666667,21.10061952432204,21.192205157976634
66.33333333333333,20.76297197221692,20.846821012613354
66.375,20.524589158700223,20.5129195046324
66.41666666666667,20.63966106848636,20.473792980288163
66.45833333333333,21.108017725283275,20.75339079682635
66.5,21.76696661547828,21.34464571425387
66.54166666666667,22.540786138630157,22.17272032510464
66.58333333333333,23.075491794721643,22.983312934763127
66.625,23.599466103605607,23.51044566860586
66.66666666666667,23.813355604522144,24.08722205210434
66.70833333333333,23.6687298743816,24.20318553152849
66.75,23.335398962472823,23.87191033162477
66.79166666666667,22.82095742989316,23.25753871045201
66.83333333333333,22.331035147442776,22.54610415397743
66.875,22.011747675492416,22.056537207508892
66.91666666666667,21.71074413193708,21.741146788432697
66.95833333333333,21.441924932728625,21.448952113732286
67.0,21.198636482482243,21.1865051873817
67.04166666666667,21.049823168149143,21.059061747383538
67.08333333333333,21.024426670365585,20.981307822180145
67.125,21.08831948725617,21.009115679191233
67.16666666666667,21.09039842189793,21.08721428401929
67.20833333333333,21.170664819022026,21.0831599904979
67.25,21.226052938960606,21.169320103863477
67.29166666666667,21.184770308774432,21.194949451954155
67.33333333333333,21.098207753037517,21.153135209246866
67.375,21.10680133503479,21.0951653425574
67.41666666666667,21.182153863627263,21.12969570098464
67.45833333333333,21.239568422122147,21.185759923226577
67.5,21.266163028426377,21.209809172951843
67.54166666666667,21.294741224995505,21.207375672118353
67.58333333333333,21.32741545936335,21.216660631786777
67.625,21.340830322242027,21.224621147585367
67.66666666666667,21.324437049143626,21.216869170002262
67.70833333333333,21.297909016002222,21.191199418199652
67.75,21.18882883043756,21.15153997102733
67.79166666666667,21.052904937282392,21.089024081171853
67.83333333333333,21.027281211503464,21.039453142086966
67.875,21.057748364055897,21.061084689419708
67.91666666666667,21.07685446210678,21.10341424394038
67.95833333333333,21.104771859474116,21.123245734395105
68.0,21.137312487606835,21.150338869322947
68.04166666666667,21.165006700580875,21.18355310385575
68.08333333333333,21.18051018704091,21.20435774796609
68.125,21.18818698840596,21.216001956647666
68.16666666666667,21.18667272361438,21.219264919159716
68.20833333333333,21.17697466499851,21.216663633295887
68.25,21.180782964101752,21.21033426916984
68.29166666666667,21.191559141718017,21.22081423382749
68.33333333333333,21.193277528866474,21.22576130746666
68.375,21.208889149512288,21.229765520366907
68.41666666666667,21.2837236538071,21.243220705267195
68.45833333333333,21.37979381705577,21.286104428697872
68.5,21.418336270108,21.32248968128419
68.54166666666667,21.492658427506967,21.30052678493725
68.58333333333333,21.422385605517206,21.25969403800317
68.625,21.4377913481635,21.197886545995104
68.66666666666667,21.782675310942523,21.379967014487484
68.70833333333333,21.759020543365292,21.806811895335734
68.75,21.51247963849056,21.611334681598258
68.79166666666667,21.227637603839867,21.29703171713441
68.83333333333333,21.067766792191435,21.02018899371131
68.875,21.056418045702912,21.04140346015876
68.91666666666667,21.065583893146822,21.070274277058946
68.95833333333333,21.059124789366592,21.091674695099858
69.0,21.09694886404776,21.098965323111397
69.04166666666667,21.146235984255327,21.141986136279435
69.08333333333333,21.18066057880532,21.180596412705594
69.125,21.19275919037767,21.20235742295134
69.16666666666667,21.18437265281432,21.207324050959663
69.20833333333333,21.17602136936057,21.1975156408182
69.25,21.18164031183744,21.193475294051744
69.29166666666667,21.193028931846413,21.20136021553821
69.33333333333333,20.916717298358947,20.941654002246615
69.375,20.608540050568536,20.66999328398319
69.41666666666667,20.52594807118851,20.49417708334812
69.45833333333333,20.53978634993132,20.43758224239241
69.5,20.523339803298995,20.44594105515081
69.54166666666667,20.535177404633146,20.4340923538869
69.58333333333333,20.55570245094657,20.438955068777002
69.625,20.547755758738617,20.444435979071525
69.66666666666667,20.50044218783262,20.433717891960875
69.70833333333333,20.447825732612277,20.407216753703768
69.75,20.533761086588697,20.427266134002277
69.79166666666667,20.36804162606478,20.46789105391784
69.83333333333333,20.28567425395414,20.357586143026452
69.875,20.605744240129862,20.350081067872754
69.91666666666667,20.960364351290597,20.948315293128154
69.95833333333333,21.163758632861345,21.202697830904707
70.0,21.227470897676085,21.316379032577085
70.04166666666667,21.220821306815765,21.332315108168533
70.08333333333333,21.195179986965968,21.298624929432226
70.125,21.136414815160663,21.27234530129789
70.16666666666667,21.127029492816742,21.215170100349237
70.20833333333333,21.119387492887768,21.217953756416403
70.25,21.118147775844815,21.20988174614661
70.29166666666667,21.13256678155193,21.213422021138356
70.33333333333333,20.90684627269809,21.231060142529245
70.375,20.68486104103158,20.777085714027614
70.41666666666667,20.83981073947416,20.694106307374014
70.45833333333333,21.184244315348792,20.946356217175477
70.5,21.67498613595683,21.283424643270234
70.54166666666667,22.416485715923045,21.97840784263426
70.58333333333333,23.094066299778547,22.924355126990896
70.625,23.53214188051868,23.636911956152815
70.66666666666667,23.596514391938285,23.91064942832886
70.70833333333333,23.412216802826208,23.778587060228837
70.75,23.100501133699765,23.469953069465966
70.79166666666667,22.6345110375413,22.9931573770747
70.83333333333333,22.171791205820057,22.37666514729021
70.875,21.854774594161256,21.907359329608095
70.91666666666667,21.50130045859657,21.589624558318064
70.95833333333333,21.2193331988791,21.23577931275767
71.0,21.08566122103764,21.08397701099091
71.04166666666667,21.020592654094912,21.000898233063943
71.08333333333333,20.967132007803457,20.989864237141134
71.125,20.987971746163566,20.971282597449132
71.16666666666667,21.027438760237715,21.02090432502713
71.20833333333333,21.05431950104497,21.06952548496532
71.25,21.077584702820843,21.097254511620683
71.29166666666667,21.11378140836723,21.1245338577352
71.33333333333333,20.851371514138577,21.165998469532564
71.375,20.62642991098312,20.668194031540477
71.41666666666667,20.791710126256817,20.598621803321112
71.45833333333333,20.911331676873942,20.71454218384951
71.5,21.157943203952243,20.815349332848513
71.54166666666667,21.621534645261026,21.087435573707733
71.58333333333333,22.448067637704757,21.81638456982311
71.625,23.01105715020367,22.945771587619493
71.66666666666667,23.04641998182973,23.264921916541653
71.70833333333333,22.922525001324743,23.0162887355986
71.75,22.723235340506392,22.80118778831961
71.79166666666667,22.380922514573683,22.53502323053275
71.83333333333333,22.041131103458724,22.175286388812673
71.875,21.831220330542465,21.8377300830256
71.91666666666667,21.61203420979496,21.622760313196988
71.95833333333333,21.41517554959063,21.406806263814296
72.0,21.21015759057957,21.21340441427207
72.04166666666667,21.129118601251378,21.144794201714408
72.08333333333333,21.156851324205377,21.070207623282652
72.125,21.1670038889348,21.11195755358979
72.16666666666667,21.15772233369728,21.11233828622545
72.20833333333333,21.193753189605445,21.122382656306076
72.25,21.198707614678824,21.15670305478292
72.29166666666667,21.203088405397978,21.154982773346564
72.33333333333333,20.992262582837725,21.006479663425708
72.375,20.773889231965143,20.796521261396858
72.41666666666667,20.63130430318847,20.58473830739885
72.45833333333333,20.60583874680657,20.450192670321197
72.5,20.74967985904391,20.456875249934257
72.54166666666667,20.75427031839007,20.61563477948911
72.58333333333333,20.79841396784451,20.60415798000118
72.625,20.86519881843651,20.657243562648105
72.66666666666667,20.81033132151083,20.726728783077476
72.70833333333333,20.632281998752436,20.652526645335122
72.75,20.49691515241909,20.45630383548942
72.79166666666667,20.414000960827707,20.63774011299077
72.83333333333333,20.37783178910854,20.385591729609928
72.875,20.68947665837868,20.399338715180487
72.91666666666667,21.097543429054213,21.015792799868
72.95833333333333,21.340922233284743,21.289958306878393
73.0,21.34722419606112,21.40159954670375
73.04166666666667,21.28377461705384,21.344280315637814
73.08333333333333,21.242951138257865,21.283869542509162
73.125,21.2039226865611,21.248430432799857
73.16666666666667,21.17634419581657,21.22009620831169
73.20833333333333,21.17030052319842,21.2050081172393
73.25,21.1856983508369,21.20657452642251
73.29166666666667,21.182680868285047,21.219555470269555
73.33333333333333,20.89791304089306,20.944933526400472
73.375,20.59812825260019,20.665160441640026
73.41666666666667,20.4843829662658,20.50088913921973
73.45833333333333,20.522333174309665,20.426814091653167
73.5,20.625277731095537,20.450236629434787
73.54166666666667,20.608369540881768,20.42054542726581
73.58333333333333,20.47636189190598,20.404860467617247
73.625,20.599081074510536,20.387106999561464
73.66666666666667,20.66632685113359,20.425104172362122
73.70833333333333,20.510221891395982,20.493098137384198
73.75,20.446181589509933,20.490952725990663
73.79166666666667,20.353240058942788,20.376986735705795
73.83333333333333,20.297442284029277,20.350326347129833
73.875,20.557978367655323,20.369246941585676
73.91666666666667,20.914349141570938,20.90272457657232
73.95833333333333,21.13737149104054,21.174328914629854
74.0,21.237177801202847,21.2993772185153
74.04166666666667,21.283934531942123,21.34805607265958
74.08333333333333,21.24101230320628,21.36300361699094
74.125,21.23548523725464,21.302944325868992
74.16666666666667,21.222783397112096,21.300603494105356
74.20833333333333,21.166455294654497,21.29205293122164
74.25,21.11676541998753,21.22875280069328
74.29166666666667,21.106590665596627,21.192976836023675
74.33333333333333,21.11236809534853,21.193095599407005
74.375,21.20690250809355,21.20775250911196
74.41666666666667,21.63538593731425,21.360256560142805
74.45833333333333,22.243466919825096,21.85401121590213
74.5,22.99990786575393,22.474672426324723
74.54166666666667,23.652444993123595,23.42188835829594
74.58333333333333,24.32112531238397,24.149183922307294
74.625,24.699577354400844,24.7530969264872
74.66666666666667,24.74046651465505,24.966225547380187
74.70833333333333,24.59431316407239,24.94748528178635
74.75,24.240662729795982,24.768316429475142
74.79166666666667,23.73677883096468,24.192738464327554
74.83333333333333,23.26483105239265,23.460898379491713
74.875,22.862642106272855,22.964856883893603
74.91666666666667,22.49144708500387,22.56314364824443
74.95833333333333,22.193479826586497,22.193427648950244
75.0,21.91553614431353,21.908668817107273
75.04166666666667,21.67539116700999,21.637467251311755
75.08333333333333,21.46561793099676,21.41044658596901
75.125,21.286514871133136,21.21482753387462
75.16666666666667,21.19492396311705,21.050896581507722
75.20833333333333,21.15293204635589,21.063225753091015
75.25,21.11012446075938,21.04876803658863
75.29166666666667,21.10330196935797,21.040573090290586
75.33333333333333,21.10408426450601,21.058833485824728
75.375,21.1498827448188,21.07437951949825
75.41666666666667,21.223609179086225,21.121625966278714
75.45833333333333,21.28492798389857,21.167886576363173
75.5,21.30339533210304,21.189387315234313
75.54166666666667,21.307819158047096,21.173644094311143
75.58333333333333,21.24066057458998,21.091611700270217
75.625,21.242680411587344,21.119722720624388
75.66666666666667,21.20659280451872,21.0438028215771
75.70833333333333,21.17592738189353,21.103156820090295
75.75,21.111336936647263,21.08976291361489
75.79166666666667,21.119915791605308,21.068738464295752
75.83333333333333,21.15751501199054,21.104097606385512
75.875,21.18741922807544,21.143094022604405
75.91666666666667,21.17940945788928,21.161938598503287
75.95833333333333,21.164675733810554,21.15607650322577
76.0,21.15727982699764,21.150879710037405
76.04166666666667,21.179556997713465,21.151542798893068
76.08333333333333,21.185057850255248,21.173998332635765
76.125,21.1990357037497,21.175174656931755
76.16666666666667,21.21275518789577,21.186934317363598
76.20833333333333,21.20049632706696,21.194518068065644
76.25,21.197424388384604,21.183135119538363
76.29166666666667,21.19848539530534,21.184246271966988
76.33333333333333,20.970868874434814,20.997915457056255
76.375,20.72310667374694,20.772977948773374
76.41666666666667,20.53491023211342,20.532998007949946
76.45833333333333,20.522747275928964,20.504435645403383
76.5,20.541209144754816,20.436515761755338
76.54166666666667,20.51284111788948,20.36637600011738
76.58333333333333,20.516595788930204,20.435997205400085
76.625,20.48820679507912,20.35179641988169
76.66666666666667,20.49152716185085,20.412522079021766
76.70833333333333,20.46640886022516,20.417924024747094
76.75,20.39325017033923,20.410184433062145
76.79166666666667,20.42137480904296,20.383288214149893
76.83333333333333,20.44378870698978,20.437923781226004
76.875,20.78425431402036,20.466726755331226
76.91666666666667,21.18384431239474,21.10323210554691
76.95833333333333,21.387681100825944,21.350667435230253
77.0,21.387765532346407,21.419690929593244
77.04166666666667,21.31386913197457,21.36272942929023
77.08333333333333,21.2826425830508,21.291966724985794
77.125,21.246076111729,21.264460999404378
77.16666666666667,21.21388478696042,21.23177138756662
77.20833333333333,21.187876939239917,21.209120243523476
77.25,21.173060541779364,21.193192710097346
77.29166666666667,21.16192185396972,21.187024714504094
77.33333333333333,20.925263519700135,20.95817514275169
77.375,20.65698251299807,20.726823929908914
77.41666666666667,20.51037952878039,20.467157337373536
77.45833333333333,20.50080338888438,20.438492564690403
77.5,20.5381593921137,20.437771895726698
77.54166666666667,20.554062961841566,20.454536336045074
77.58333333333333,20.516579098486886,20.377433582269056
77.625,20.503053646086244,20.429055774594215
77.66666666666667,20.50591078455011,20.417512474339194
77.70833333333333,20.452097335030487,20.423356045212714
77.75,20.42278261590593,20.399394285901828
77.79166666666667,20.393615093938024,20.40895380226395
77.83333333333333,20.41013111333132,20.413445248043494
77.875,20.73728162436549,20.452161468914614
77.91666666666667,21.113120156354,21.06757324199898
77.95833333333333,21.336528882787547,21.313227261581524
78.0,21.37539247837708,21.41268534103444
78.04166666666667,21.30622299810716,21.385194005696043
78.08333333333333,21.24283062612216,21.305482651781826
78.125,21.204998111373698,21.254897051204416
78.16666666666667,21.224685278368327,21.231177112035308
78.20833333333333,21.221514144976027,21.250161157531394
78.25,21.19565620962362,21.24023740973405
78.29166666666667,21.174536029518777,21.22010128442614
78.33333333333333,20.91129127196473,20.945242047144642
78.375,20.62020172639893,20.688381165409357
78.41666666666667,20.51953868545945,20.655338123453983
78.45833333333333,20.533259636978528,20.444209438592413
78.5,20.539647269146315,20.456619646664816
78.54166666666667,20.524227884522645,20.44696431744298
78.58333333333333,20.54485653180575,20.433147195674728
78.625,20.52530097141647,20.44365855491723
78.66666666666667,20.494373674080062,20.423566329213468
78.70833333333333,20.44232525571232,20.41282916177953
78.75,20.430242679624712,20.396153630682228
78.79166666666667,20.398471187683867,20.416520805040104
78.83333333333333,20.40171885441538,20.416700397482188
78.875,20.74962472226304,20.448383939840387
78.91666666666667,21.1447730105927,21.082974344255476
78.95833333333333,21.351154096444645,21.33600389924428
79.0,21.371877400391497,21.41994716489948
79.04166666666667,21.31733038645501,21.382374684799668
79.08333333333333,21.272649068380247,21.318449795264208
79.125,21.21903683170001,21.27757840286147
79.16666666666667,21.173830877955535,21.23248203766874
79.20833333333333,21.16895658755567,21.20049604349819
79.25,21.13836520710754,21.203642140371148
79.29166666666667,21.097377578404632,21.181254076057368
79.33333333333333,20.807405961134805,20.850686136721436
79.375,20.55554449866821,20.567050315596127
79.41666666666667,20.482316234218388,20.466981567143016
79.45833333333333,20.4697174297537,20.43430814918542
79.5,20.53000025615665,20.436363667484578
79.54166666666667,20.59377993403257,20.48165599113949
79.58333333333333,20.68883785492108,20.51084659235433
79.625,20.624101082445577,20.499688142039275
79.66666666666667,20.52420376207772,20.439794534394352
79.70833333333333,20.483471222288017,20.451369651855494
79.75,20.3976078233228,20.40665226956371
79.79166666666667,20.35088392331909,20.370224531546338
79.83333333333333,20.33306205091128,20.382150410413132
79.875,20.65997826330107,20.405028884985683
79.91666666666667,20.991397136133287,21.004444929470385
79.95833333333333,21.265469546940835,21.22043848012291
80.0,21.288705203645804,21.406533743134457
80.04166666666667,21.201234368947095,21.348132860134033
80.08333333333333,21.18374243337098,21.26374743344999
80.125,21.21183355714965,21.2602940697692
80.16666666666667,21.20012505579018,21.286646627380176
80.20833333333333,21.19694793879768,21.264641705970522
80.25,21.210662367048258,21.265428056884847
80.29166666666667,21.225560076585797,21.277495314765435
80.33333333333333,20.917978954271803,20.948584411869742
80.375,20.678833974573703,20.652575024938795
80.41666666666667,20.74373435150153,20.656532374699292
80.45833333333333,20.816739381407785,20.71672071856667
80.5,20.96022004963908,20.735902597035164
80.54166666666667,21.283864826959984,20.930740134158913
80.58333333333333,21.66946403301085,21.386924574932646
80.625,21.65991422643248,21.701312078161603
80.66666666666667,21.7234349151604,21.657143274829004
80.70833333333333,21.22796272304538,21.65585900275732
80.75,20.98882384179626,21.042832035122338
80.79166666666667,20.684894651286697,20.79488843121218
80.83333333333333,20.452496369270364,20.46768374228784
80.875,20.666498252693486,20.372300115009747
80.91666666666667,20.99529362276684,20.93047845414751
80.95833333333333,21.2200130868585,21.178762720915135
81.0,21.271193056191866,21.31044614212162
81.04166666666667,21.23266789985405,21.296066405013526
81.08333333333333,21.218799717879165,21.24692341669239
81.125,21.21019163842493,21.236384565756467
81.16666666666667,21.23456694689776,21.230611346904112
81.20833333333333,21.21937822093622,21.259915720720784
81.25,21.16544299177542,21.23734335746246
81.29166666666667,21.126136619641443,21.194662492101397
81.33333333333333,21.12837429970682,21.17284879641285
81.375,21.19384380262727,21.18626716965754
81.41666666666667,21.31611297462058,21.24125034357149
81.45833333333333,21.368542796820748,21.315753851691372
81.5,21.417369836277658,21.32274540800098
81.54166666666667,21.351969295731863,21.325638987068725
81.58333333333333,21.27584518243441,21.237524954546146
81.625,21.252210965463743,21.17502333695457
81.66666666666667,21.24648710296691,21.160149726961535
81.70833333333333,21.24102282228523,21.15872364994348
81.75,21.219085727941888,21.15957753810586
81.79166666666667,21.1517594456667,21.153370233144532
81.83333333333333,21.11872709435005,21.12371392433312
81.875,21.131763582725853,21.128106179541884
81.91666666666667,21.156322284367093,21.151687325202055
81.95833333333333,21.187276045041017,21.173216255911946
82.0,21.1567571634734,21.196332156316462
82.04166666666667,21.14950056813632,21.169044718291133
82.08333333333333,21.165760635685047,21.17389352129866
82.125,21.185859848463792,21.188670085849978
82.16666666666667,21.16369733485203,21.202120045369163
82.20833333333333,21.18624814905087,21.18085842171879
82.25,21.20664490794502,21.208359581414285
82.29166666666667,21.200653726617304,21.218922612106265
82.33333333333333,21.203811672645145,21.2109916473413
82.375,21.232180724607247,21.214485937960063
82.41666666666667,21.261861932096963,21.22890529672014
82.45833333333333,21.28122508258673,21.230470896296023
82.5,21.342286420533185,21.19966968387148
82.54166666666667,21.38445344411593,21.220145249042258
82.58333333333333,21.301897627106257,21.15926632365176
82.625,21.14762752427441,21.06924546512318
82.66666666666667,21.043050450748183,21.039280674907875
82.70833333333333,21.04106691916934,21.002866671985487
82.75,21.07147766557944,21.03937298069742
82.79166666666667,21.03382413590356,21.085340607380637
82.83333333333333,21.054326798109628,21.06822088112161
82.875,21.097043588147585,21.113292902770254
82.91666666666667,21.153843505608396,21.158690948479673
82.95833333333333,21.17198546686359,21.207632764788556
83.0,21.176963546281456,21.213396195941353
83.04166666666667,21.16440944529984,21.219018043348463
83.08333333333333,21.14451951995352,21.206421797410922
83.125,21.10519024563098,21.192116813710893
83.16666666666667,21.105776398513623,21.158875688555653
83.20833333333333,21.1232367031314,21.175455390459735
83.25,21.12353934911863,21.191102052777595
83.29166666666667,21.138189802332874,21.191473675172556
83.33333333333333,20.904859715253338,21.211313808630763
83.375,20.71786327076279,20.736063987316577
83.41666666666667,20.846605797872712,20.657740787847427
83.45833333333333,21.11879094739197,20.865281149624984
83.5,21.25570781352957,21.139489842193186
83.54166666666667,21.65434108874325,21.274608442918584
83.58333333333333,21.875106392968576,21.72446385287284
83.625,22.0868172228532,21.96357871868567
83.66666666666667,22.044704546495154,22.142516467250953
83.70833333333333,21.785026333667812,21.96447031369139
83.75,21.416978724126693,21.580439055448064
83.79166666666667,20.99725282742065,21.168210760314786
83.83333333333333,20.598817777498084,20.745694900961386
83.875,20.63354512674732,20.71708000187222
83.91666666666667,20.856924113245896,20.811682186531762
83.95833333333333,21.04282358694661,21.019331065874987
84.0,21.14886220996345,21.154376832846634
84.04166666666667,21.258068733168276,21.221966856035323
84.08333333333333,21.285367591740624,21.317760558204373
84.125,21.25112304800905,21.311987127687914
84.16666666666667,21.306163141585955,21.26906830072843
84.20833333333333,21.28343169941644,21.32606785960447
84.25,21.28219332343872,21.28197290838719
84.29166666666667,21.255844723960426,21.286072025580832
84.33333333333333,20.84394674652117,20.985510389399003
84.375,20.614752734727062,20.563407138563452
84.41666666666667,20.58519068188275,20.486597216402387
84.45833333333333,20.7765579466286,20.50279708286674
84.5,21.09273284256551,20.69632239910459
84.54166666666667,21.410704855975155,21.13609988491169
84.58333333333333,21.319242139105768,21.397006624041094
84.625,21.354056207686423,21.21341282957244
84.66666666666667,21.11181690798651,21.19903034443308
84.70833333333333,20.843723226781208,20.85895880874076
84.75,20.6663832188961,20.65787171826167
84.79166666666667,20.382973054828252,20.5222773839344
84.83333333333333,20.151624650553003,20.320350509202264
84.875,20.412401988508805,20.181611967557256
84.91666666666667,20.839648104971275,20.73853390357305
84.95833333333333,21.15906751524324,21.108591811855813
85.0,21.2947642641326,21.333706096936226
85.04166666666667,21.300090695304164,21.39440744031246
85.08333333333333,21.27915250967817,21.362608126580096
85.125,21.254948550611232,21.330960741054124
85.16666666666667,21.257484268068424,21.303042065505633
85.20833333333333,21.2394817280109,21.307494333663595
85.25,21.213281498919343,21.28591412784849
85.29166666666667,21.19265194625348,21.263036041178673
85.33333333333333,20.934716061447148,21.247725448542838
85.375,20.69829777070055,20.7455898936231
85.41666666666667,20.564108862731075,20.56031388494429
85.45833333333333,20.58532913572634,20.469924595810323
85.5,20.65935247232312,20.497263493769097
85.54166666666667,20.597477614765808,20.52855240336655
85.58333333333333,20.480854703618437,20.470867073079763
85.625,20.4747020848248,20.390053003943894
85.66666666666667,20.463184298846272,20.405892326804075
85.70833333333333,20.439085508398136,20.405760719116927
85.75,20.410989283122944,20.406199419656915
85.79166666666667,20.36192041624224,20.40823619553918
85.83333333333333,20.34433494398138,20.39441990768626
85.875,20.6264807661114,20.41567412274715
85.91666666666667,20.99737985340039,20.957607194906963
85.95833333333333,21.26267293774174,21.248672523842135
86.0,21.3562448831251,21.413975577472183
86.04166666666667,21.36683164695148,21.439570198405043
86.08333333333333,21.31029424922997,21.41104021753028
86.125,21.20709767124157,21.340064599956214
86.16666666666667,21.141784310674097,21.24417964282737
86.20833333333333,21.15118133752441,21.19683491960789
86.25,21.15238772331338,21.221455919090545
86.29166666666667,21.099980058256563,21.220036358850823
86.33333333333333,20.8519150748034,21.16629946159564
86.375,20.7010250217985,20.70753449443386
86.41666666666667,20.79413158966736,20.673693146788658
86.45833333333333,20.678496456511084,20.621736467220668
86.5,20.893349444453065,20.51484756970325
86.54166666666667,21.12657397645819,20.788558796105793
86.58333333333333,21.447258529182815,21.112241062888444
86.625,21.14234970189591,21.374205645435584
86.66666666666667,21.03084159838727,20.907691288071895
86.70833333333333,20.8762240564555,20.877565612779353
86.75,20.650035796115503,20.778101738716366
86.79166666666667,20.380542335999166,20.47620716537709
86.83333333333333,20.25791448543509,20.30226512723696
86.875,20.48402063314313,20.279847297751097
86.91666666666667,20.84292631579217,20.79187768421116
86.95833333333333,21.10613450943009,21.09685372889875
87.0,21.25979525792127,21.271165415732703
87.04166666666667,21.28941306102547,21.367740437534778
87.08333333333333,21.299251611703653,21.355867906507637
87.125,21.29318178382539,21.353441950258045
87.16666666666667,21.25277191204782,21.337657462216434
87.20833333333333,21.22984630859344,21.289849225551524
87.25,21.221910002186632,21.273690191421064
87.29166666666667,21.212899420620037,21.26887318314708
87.33333333333333,20.89195775538053,20.92480625090463
87.375,20.66923321517584,20.81323336166638
87.41666666666667,20.59767763279456,20.543882510288096
87.45833333333333,20.73140649025902,20.504583287332274
87.5,20.93177349063444,20.586387468472687
87.54166666666667,20.97502362078069,20.813120218755035
87.58333333333333,21.02941132454225,20.823140999058147
87.625,20.9023019971267,20.83038833320438
87.66666666666667,21.10655005764562,20.783879243063886
87.70833333333333,21.148604721354783,21.203892932651616
87.75,20.824951096930363,21.18831021792001
87.79166666666667,20.485714628923915,20.627912994348446
87.83333333333333,20.32751699034145,20.440109105209284
87.875,20.58075949344618,20.325291518166406
87.91666666666667,20.98984213098163,20.8997254223351
87.95833333333333,21.27396619585022,21.217825409435168
88.0,21.376722061046053,21.382619818862562
88.04166666666667,21.374242446385097,21.406714659283367
88.08333333333333,21.31933156366688,21.367348808784747
88.125,21.234214816847494,21.306471726705844
88.16666666666667,21.14824405549024,21.234839428478008
88.20833333333333,21.144095107082197,21.17422189788827
88.25,21.17369675264615,21.188019136789734
88.29166666666667,21.208021680233852,21.216743718651674
88.33333333333333,21.24321263080537,21.243025276644495
88.375,21.30403349566689,21.264518220901092
88.41666666666667,21.308660316307567,21.295836089644318
88.45833333333333,21.291069629926422,21.263417789718897
88.5,21.31801134083753,21.229466293564744
88.54166666666667,21.515012121931363,21.230338571745765
88.58333333333333,21.83640627025295,21.393143251412297
88.625,21.80932501446489,21.748406478229185
88.66666666666667,21.713472880356107,21.651519672697024
88.70833333333333,21.45820367198951,21.521714294132266
88.75,21.22101055038854,21.226888860031092
88.79166666666667,21.08302134182861,21.321977404104896
88.83333333333333,21.00401581203209,21.089946847942652
88.875,21.01736401169893,21.020094568241827
88.91666666666667,21.09299193986237,21.060043962137055
88.95833333333333,21.151745621306414,21.131308413933777
89.0,21.175886349571613,21.1756181852108
89.04166666666667,21.189836904670077,21.189726177804246
89.08333333333333,21.198690059503235,21.20046632911203
89.125,21.184974235680897,21.206312864872057
89.16666666666667,21.174535476593803,21.19284546275877
89.20833333333333,21.17382422823084,21.190082270458323
89.25,21.16910740788603,21.193263248216084
89.29166666666667,21.14659202896007,21.19438409741631
89.33333333333333,21.18546304671804,21.176989509858004
89.375,21.25394441171818,21.21631730750468
89.41666666666667,21.34829765862696,21.25551947862173
89.45833333333333,21.428737545682907,21.29466439963248
89.5,21.44007839874257,21.30010183355289
89.54166666666667,21.32967003193897,21.214099156776463
89.58333333333333,21.300854647950928,21.11055905624618
89.625,21.509147354552056,21.116458716324324
89.66666666666667,21.646457486368888,21.412829029144977
89.70833333333333,21.619357390709865,21.566463497397272
89.75,21.501635059191983,21.53298663973053
89.79166666666667,21.22587972329836,21.432676046751062
89.83333333333333,21.003954251639584,21.07364068331628
89.875,20.979395392022298,20.98741998271658
89.91666666666667,21.047974153027557,21.020894905674048
89.95833333333333,21.143094975146823,21.093240071573828
90.0,21.18981630700506,21.162822177610675
90.04166666666667,21.22804677874524,21.19630664576894
90.08333333333331,21.24549008433109,21.223858370681285
90.125,21.266884482158677,21.23453277580916
90.16666666666669,21.2800027229726,21.243522406212453
90.20833333333331,21.25503310077022,21.237856941124804
90.25,21.22603871958586,21.21337154293293
90.29166666666669,21.207974468194152,21.193557937604815
90.33333333333331,21.016386445601256,21.009304893799165
90.375,20.86373284106321,20.82685049242633
90.41666666666669,20.758512767216416,20.68943029230675
90.45833333333331,20.792497875484685,20.597520157198133
90.5,21.30164982402817,20.812527794535644
90.54166666666669,21.33466968040761,21.33684579151817
90.58333333333331,21.534109433667822,21.18655858881631
90.625,22.02526740863084,21.539216467027682
90.66666666666669,22.21110959391126,22.140145372845065
90.70833333333331,22.10986835609401,22.176928016632473
90.75,21.96341106070008,21.975718672471288
90.79166666666669,21.787969650188643,21.81704533518696
90.83333333333331,21.614452793509088,21.643066580135308
90.875,21.56053427967811,21.475220086690083
90.91666666666669,21.39299908570831,21.420095627937865
90.95833333333331,21.232745282693145,21.241262185340723
91.0,21.170207257396896,21.077329306480383
